Gross,IMDB_Rating,Director,Genre,Released_Year,No_of_Votes
28341469,9.3,Frank Darabont,Drama,1994,2343110
134966411,9.2,Francis Ford Coppola,"Crime, Drama",1972,1620367
534858444,9,Christopher Nolan,"Action, Crime, Drama",2008,2303232
57300000,9,Francis Ford Coppola,"Crime, Drama",1974,1129952
4360000,9,Sidney Lumet,"Crime, Drama",1957,689845
377845905,8.9,Peter Jackson,"Action, Adventure, Drama",2003,1642758
107928762,8.9,Quentin Tarantino,"Crime, Drama",1994,1826188
96898818,8.9,Steven Spielberg,"Biography, Drama, History",1993,1213505
292576195,8.8,Christopher Nolan,"Action, Adventure, Sci-Fi",2010,2067042
37030102,8.8,David Fincher,Drama,1999,1854740
315544750,8.8,Peter Jackson,"Action, Adventure, Drama",2001,1661481
330252182,8.8,Robert Zemeckis,"Drama, Romance",1994,1809221
6100000,8.8,Sergio Leone,Western,1966,688390
342551365,8.7,Peter Jackson,"Action, Adventure, Drama",2002,1485555
171479930,8.7,Lana Wachowski,"Action, Sci-Fi",1999,1676426
46836394,8.7,Martin Scorsese,"Biography, Crime, Drama",1990,1020727
290475067,8.7,Irvin Kershner,"Action, Adventure, Fantasy",1980,1159315
112000000,8.7,Milos Forman,Drama,1975,918088
23530892,8.6,Thomas Kail,"Biography, Drama, History",2020,55291
53367844,8.6,Bong Joon Ho,"Comedy, Drama, Thriller",2019,552778
23530892,8.6,Sudha Kongara,Drama,2020,54995
188020017,8.6,Christopher Nolan,"Adventure, Drama, Sci-Fi",2014,1512360
7563397,8.6,Fernando Meirelles,"Crime, Drama",2002,699256
10055859,8.6,Hayao Miyazaki,"Animation, Adventure, Family",2001,651376
216540909,8.6,Steven Spielberg,"Drama, War",1998,1235804
136801374,8.6,Frank Darabont,"Crime, Drama, Fantasy",1999,1147794
57598247,8.6,Roberto Benigni,"Comedy, Drama, Romance",1997,623629
100125643,8.6,David Fincher,"Crime, Drama, Mystery",1995,1445096
130742922,8.6,Jonathan Demme,"Crime, Drama, Thriller",1991,1270197
322740140,8.6,George Lucas,"Action, Adventure, Fantasy",1977,1231473
23530892,8.6,Masaki Kobayashi,"Action, Drama, Mystery",1962,42004
269061,8.6,Akira Kurosawa,"Action, Adventure, Drama",1954,315744
23530892,8.6,Frank Capra,"Drama, Family, Fantasy",1946,405801
335451311,8.5,Todd Phillips,"Crime, Drama, Thriller",2019,939252
13092000,8.5,Damien Chazelle,"Drama, Music",2014,717585
13182281,8.5,Olivier Nakache,"Biography, Comedy, Drama",2011,760360
53089891,8.5,Christopher Nolan,"Drama, Mystery, Sci-Fi",2006,1190259
132384315,8.5,Martin Scorsese,"Crime, Drama, Thriller",2006,1189773
32572577,8.5,Roman Polanski,"Biography, Drama, Music",2002,729603
187705427,8.5,Ridley Scott,"Action, Adventure, Drama",2000,1341460
6719864,8.5,Tony Kaye,Drama,1998,1034705
23341568,8.5,Bryan Singer,"Crime, Mystery, Thriller",1995,991208
19501238,8.5,Luc Besson,"Action, Crime, Drama",1994,1035236
422783777,8.5,Roger Allers,"Animation, Adventure, Drama",1994,942045
204843350,8.5,James Cameron,"Action, Sci-Fi",1991,995506
11990401,8.5,Giuseppe Tornatore,"Drama, Romance",1988,230763
23530892,8.5,Isao Takahata,"Animation, Drama, War",1988,235231
210609762,8.5,Robert Zemeckis,"Adventure, Comedy, Sci-Fi",1985,1058081
5321508,8.5,Sergio Leone,Western,1968,302844
32000000,8.5,Alfred Hitchcock,"Horror, Mystery, Thriller",1960,604211
1024560,8.5,Michael Curtiz,"Drama, Romance, War",1942,522093
163245,8.5,Charles Chaplin,"Comedy, Drama, Family",1936,217881
19181,8.5,Charles Chaplin,"Comedy, Drama, Romance",1931,167839
1661096,8.4,Nadine Labaki,Drama,2018,62635
23530892,8.4,Can Ulkay,"Biography, Drama, History",2017,34112
23530892,8.4,Gayatri,"Action, Crime, Drama",2017,28401
5017246,8.4,Makoto Shinkai,"Animation, Drama, Fantasy",2016,194838
12391761,8.4,Nitesh Tiwari,"Action, Biography, Drama",2016,156479
190241310,8.4,Bob Persichetti,"Animation, Action, Adventure",2018,375110
858373000,8.4,Anthony Russo,"Action, Adventure, Drama",2019,809955
678815482,8.4,Anthony Russo,"Action, Adventure, Sci-Fi",2018,834477
209726015,8.4,Lee Unkrich,"Animation, Adventure, Family",2017,384171
162805434,8.4,Quentin Tarantino,"Drama, Western",2012,1357682
448139099,8.4,Christopher Nolan,"Action, Adventure",2012,1516346
6532908,8.4,Rajkumar Hirani,"Comedy, Drama",2009,344445
1223869,8.4,Aamir Khan,"Drama, Family",2007,168895
223808164,8.4,Andrew Stanton,"Animation, Adventure, Family",2008,999790
11286112,8.4,Florian Henckel von Donnersmarck,"Drama, Mystery, Thriller",2006,358685
707481,8.4,Chan-wook Park,"Action, Drama, Mystery",2003,515451
25544867,8.4,Christopher Nolan,"Mystery, Thriller",2000,1125712
2375308,8.4,Hayao Miyazaki,"Animation, Action, Adventure",1997,343171
5321508,8.4,Sergio Leone,"Crime, Drama",1984,311365
248159971,8.4,Steven Spielberg,"Action, Adventure",1981,884112
44017374,8.4,Stanley Kubrick,"Drama, Horror",1980,898237
83471511,8.4,Francis Ford Coppola,"Drama, Mystery, War",1979,606398
78900000,8.4,Ridley Scott,"Horror, Sci-Fi",1979,787806
23530892,8.4,Hrishikesh Mukherjee,"Drama, Musical",1971,30273
23530892,8.4,Akira Kurosawa,"Crime, Drama, Mystery",1963,34357
275902,8.4,Stanley Kubrick,Comedy,1964,450474
8175000,8.4,Billy Wilder,"Crime, Drama, Mystery",1957,108862
23530892,8.4,Stanley Kubrick,"Drama, War",1957,178092
36764313,8.4,Alfred Hitchcock,"Mystery, Thriller",1954,444074
23530892,8.4,Billy Wilder,"Drama, Film-Noir",1950,201632
288475,8.4,Charles Chaplin,"Comedy, Drama, War",1940,203150
159227644,8.3,Sam Mendes,"Drama, Thriller, War",2019,425844
23530892,8.3,Rahi Anil Barve,"Drama, Fantasy, Horror",2018,27793
1373943,8.3,Sriram Raghavan,"Crime, Drama, Music",2018,71875
23530892,8.3,Jeethu Joseph,"Crime, Drama, Thriller",2013,30722
687185,8.3,Thomas Vinterberg,Drama,2012,281623
7098492,8.3,Asghar Farhadi,Drama,2011,220002
6857096,8.3,Denis Villeneuve,"Drama, Mystery, War",2010,150023
23530892,8.3,Mehmet Ada Öztekin,Drama,2019,33935
23530892,8.3,Çagan Irmak,"Drama, Family",2005,78925
120540719,8.3,Quentin Tarantino,"Adventure, Drama, War",2009,1267869
34400301,8.3,Michel Gondry,"Drama, Romance, Sci-Fi",2004,911664
33225499,8.3,Jean-Pierre Jeunet,"Comedy, Romance",2001,703810
30328156,8.3,Guy Ritchie,"Comedy, Crime",2000,782001
3635482,8.3,Darren Aronofsky,Drama,2000,766870
130096601,8.3,Sam Mendes,Drama,1999,1069738
138433435,8.3,Gus Van Sant,"Drama, Romance",1997,861606
933933,8.3,Majid Majidi,"Drama, Family, Sport",1997,65341
191796233,8.3,John Lasseter,"Animation, Adventure, Comedy",1995,887429
75600000,8.3,Mel Gibson,"Biography, Drama, History",1995,959181
2832029,8.3,Quentin Tarantino,"Crime, Drama, Thriller",1992,918562
46357676,8.3,Stanley Kubrick,"Drama, War",1987,675146
23530892,8.3,Elem Klimov,"Drama, Thriller, War",1985,59056
85160248,8.3,James Cameron,"Action, Adventure, Sci-Fi",1986,652719
51973029,8.3,Milos Forman,"Biography, Drama, History",1984,369007
45598982,8.3,Brian De Palma,"Crime, Drama",1983,740911
309125409,8.3,Richard Marquand,"Action, Adventure, Fantasy",1983,950470
11487676,8.3,Wolfgang Petersen,"Adventure, Drama, Thriller",1981,231855
28262574,8.3,Martin Scorsese,"Crime, Drama",1976,724636
159600000,8.3,George Roy Hill,"Comedy, Crime, Drama",1973,241513
6207725,8.3,Stanley Kubrick,"Crime, Drama, Sci-Fi",1971,757904
56954992,8.3,Stanley Kubrick,"Adventure, Sci-Fi",1968,603517
15000000,8.3,Sergio Leone,Western,1965,232772
44824144,8.3,David Lean,"Adventure, Biography, Drama",1962,268085
18600000,8.3,Billy Wilder,"Comedy, Drama, Romance",1960,164363
13275000,8.3,Alfred Hitchcock,"Adventure, Mystery, Thriller",1959,299198
3200000,8.3,Alfred Hitchcock,"Mystery, Romance, Thriller",1958,364368
8819028,8.3,Stanley Donen,"Comedy, Musical, Romance",1952,218957
55240,8.3,Akira Kurosawa,Drama,1952,68463
332930,8.3,Vittorio De Sica,Drama,1948,146427
5720000,8.3,Billy Wilder,"Crime, Drama, Film-Noir",1944,143525
1585634,8.3,Orson Welles,"Drama, Mystery",1941,403351
28877,8.3,Fritz Lang,"Crime, Mystery, Thriller",1931,143434
1236166,8.3,Fritz Lang,"Drama, Sci-Fi",1927,159992
5450000,8.3,Charles Chaplin,"Comedy, Drama, Family",1921,113314
898575,8.2,Nitesh Tiwari,"Comedy, Drama",2019,33893
4186168,8.2,Aditya Dhar,"Action, Drama, War",2018,43444
23530892,8.2,Prashanth Neel,"Action, Drama",2018,36680
85080171,8.2,Peter Farrelly,"Biography, Comedy, Drama",2018,377884
54513740,8.2,Martin McDonagh,"Comedy, Crime, Drama",2017,432610
342370,8.2,Meghna Gulzar,"Crime, Drama, Mystery",2015,31142
20186659,8.2,S.S. Rajamouli,"Action, Drama",2017,75348
23530892,8.2,Sergio Pablos,"Animation, Adventure, Comedy",2019,104761
739478,8.2,Nishikant Kamat,"Crime, Drama, Mystery",2015,70367
1429534,8.2,Vikas Bahl,"Adventure, Comedy, Drama",2013,60701
144501,8.2,Zaza Urushadze,"Drama, War",2013,40382
1626289,8.2,Rakeysh Omprakash Mehra,"Biography, Drama, Sport",2013,61137
23530892,8.2,Anurag Kashyap,"Action, Comedy, Crime",2012,82365
7461,8.2,Vikramaditya Motwane,Drama,2010,42341
39567,8.2,Tigmanshu Dhulia,"Action, Biography, Crime",2012,33237
6391436,8.2,Juan José Campanella,"Drama, Mystery, Romance",2009,193217
13657115,8.2,Gavin O'Connor,"Action, Drama, Sport",2011,435950
128012934,8.2,Martin Scorsese,"Mystery, Thriller",2010,1129894
293004164,8.2,Pete Docter,"Animation, Adventure, Comedy",2009,935507
116900694,8.2,Martin Scorsese,"Biography, Crime, Drama",2013,1187498
1113541,8.2,Shimit Amin,"Drama, Family, Sport",2007,74129
40222514,8.2,Paul Thomas Anderson,Drama,2007,517359
37634615,8.2,Guillermo del Toro,"Drama, Fantasy, War",2006,618623
415004880,8.2,Lee Unkrich,"Animation, Adventure, Comedy",2010,757032
70511035,8.2,James McTeigue,"Action, Drama, Sci-Fi",2005,1032749
2197331,8.2,Rakeysh Omprakash Mehra,"Comedy, Crime, Drama",2006,111937
733094,8.2,Sanjay Leela Bhansali,Drama,2005,33354
206852432,8.2,Christopher Nolan,"Action, Adventure",2005,1308302
1223240,8.2,Ashutosh Gowariker,Drama,2004,83005
5509040,8.2,Oliver Hirschbiegel,"Biography, Drama, History",2004,331308
4711096,8.2,Hayao Miyazaki,"Animation, Adventure, Family",2004,333915
170742341,8.2,Ron Howard,"Biography, Drama",2001,848920
23530892,8.2,Priyadarshan,"Action, Comedy, Crime",2000,57057
3897569,8.2,Guy Ritchie,"Action, Comedy, Crime",1998,535216
64616940,8.2,Curtis Hanson,"Crime, Drama, Mystery",1997,531967
23530892,8.2,Yavuz Turgul,"Crime, Drama, Thriller",1996,64118
67436818,8.2,Michael Mann,"Crime, Drama, Thriller",1995,577113
42438300,8.2,Martin Scorsese,"Crime, Drama",1995,466276
23530892,8.2,Rajkumar Santoshi,"Action, Comedy, Romance",1994,49300
101157447,8.2,Clint Eastwood,"Drama, Western",1992,375935
197171806,8.2,Steven Spielberg,"Action, Adventure",1989,692366
280015,8.2,Emir Kusturica,"Comedy, Crime, Drama",1988,26402
1105564,8.2,Hayao Miyazaki,"Animation, Family, Fantasy",1988,291180
83008852,8.2,John McTiernan,"Action, Thriller",1988,793164
4135750,8.2,Akira Kurosawa,"Action, Drama, War",1985,112505
23383987,8.2,Martin Scorsese,"Biography, Drama, Sport",1980,321860
234723,8.2,Andrei Tarkovsky,"Drama, Sci-Fi",1979,116945
23530892,8.2,Ingmar Bergman,"Drama, Music",1978,26875
23530892,8.2,Moustapha Akkad,"Biography, Drama, History",1976,43885
23530892,8.2,Ramesh Sippy,"Action, Adventure, Comedy",1975,51284
1229197,8.2,Terry Gilliam,"Adventure, Comedy, Fantasy",1975,500875
12100000,8.2,John Sturges,"Adventure, Drama, History",1963,224730
23530892,8.2,Robert Mulligan,"Crime, Drama",1962,293811
23530892,8.2,Akira Kurosawa,"Action, Drama, Thriller",1961,111244
23530892,8.2,Stanley Kramer,"Drama, War",1961,69458
25000000,8.2,Billy Wilder,"Comedy, Music, Romance",1959,243943
23530892,8.2,Ingmar Bergman,"Drama, Romance",1957,96381
23530892,8.2,Ingmar Bergman,"Drama, Fantasy, History",1957,164939
57226,8.2,Jules Dassin,"Crime, Drama, Thriller",1955,28810
12562,8.2,Alfred Hitchcock,"Crime, Thriller",1954,158335
23530892,8.2,Yasujirô Ozu,Drama,1953,53153
96568,8.2,Akira Kurosawa,"Crime, Drama, Mystery",1950,152572
10177,8.2,Joseph L. Mankiewicz,Drama,1950,120539
5014000,8.2,John Huston,"Adventure, Drama, Western",1948,114304
23530892,8.2,Ernst Lubitsch,"Comedy, War",1942,29915
5450000,8.2,Charles Chaplin,"Adventure, Comedy, Drama",1925,101053
977375,8.2,Buster Keaton,"Action, Comedy, Romance",1924,41985
3759854,8.1,Céline Sciamma,"Drama, Romance",2019,63134
1241223,8.1,Aniruddha Roy Chowdhury,"Drama, Thriller",2016,39216
23530892,8.1,Naoko Yamada,"Animation, Drama, Family",2016,47708
23530892,8.1,Oriol Paulo,"Crime, Drama, Mystery",2016,141516
2006788,8.1,Chan-wook Park,"Drama, Romance, Thriller",2016,113649
3492754,8.1,Xavier Dolan,Drama,2014,50700
901610,8.1,Vishal Bhardwaj,"Action, Crime, Drama",2014,50445
226277068,8.1,James Mangold,"Action, Drama, Sci-Fi",2017,647884
14677674,8.1,Lenny Abrahamson,"Drama, Thriller",2015,371538
3107072,8.1,Damián Szifron,"Comedy, Drama, Thriller",2014,177059
23530892,8.1,Pete Docter,"Animation, Adventure, Comedy",2020,159171
165520,8.1,Nuri Bilge Ceylan,Drama,2014,46547
10616104,8.1,Rajkumar Hirani,"Comedy, Drama, Musical",2014,163061
923221,8.1,Umesh Shukla,"Comedy, Drama, Fantasy",2012,51739
59100318,8.1,Wes Anderson,"Adventure, Comedy, Crime",2014,707630
167767189,8.1,David Fincher,"Drama, Mystery, Thriller",2014,859695
23530892,8.1,Mamoru Hosoda,"Animation, Drama, Fantasy",2012,38803
67209615,8.1,Mel Gibson,"Biography, Drama, History",2016,435928
356461711,8.1,Pete Docter,"Animation, Adventure, Comedy",2015,616228
2804874,8.1,Anurag Basu,"Comedy, Drama, Romance",2012,75721
56671993,8.1,Steve McQueen,"Biography, Drama, History",2013,640533
26947624,8.1,Ron Howard,"Action, Biography, Drama",2013,432811
117624028,8.1,James Mangold,"Action, Biography, Drama",2019,291289
45055776,8.1,Tom McCarthy,"Biography, Crime, Drama",2015,420316
857524,8.1,Tomm Moore,"Animation, Adventure, Drama",2014,51679
1035953,8.1,Sujoy Ghosh,"Mystery, Thriller",2012,57806
3108485,8.1,Zoya Akhtar,"Comedy, Drama",2011,67927
61002302,8.1,Denis Villeneuve,"Crime, Drama, Mystery",2013,601149
154058340,8.1,George Miller,"Action, Adventure, Sci-Fi",2015,882316
23530892,8.1,Neeraj Pandey,"Action, Crime, Drama",2008,73891
148095302,8.1,Clint Eastwood,Drama,2008,720450
381011219,8.1,David Yates,"Adventure, Drama, Fantasy",2011,764493
1498210,8.1,Yôjirô Takita,"Drama, Music",2008,48582
23530892,8.1,Lasse Hallström,"Biography, Drama, Family",2009,253575
23530892,8.1,Adam Elliot,"Animation, Comedy, Drama",2009,164462
217581231,8.1,Dean DeBlois,"Animation, Action, Adventure",2010,666773
18354356,8.1,Sean Penn,"Adventure, Biography, Drama",2007,572921
74283625,8.1,Ethan Coen,"Crime, Drama, Thriller",2007,856916
2217561,8.1,Rajkumar Hirani,"Comedy, Drama, Romance",2006,43137
100492203,8.1,Clint Eastwood,"Drama, Sport",2004,635975
23530892,8.1,Terry George,"Biography, Drama, History",2004,334320
1111061,8.1,Je-kyu Kang,"Action, Drama, War",2004,37820
5820649,8.1,Richard Linklater,"Drama, Romance",2004,236311
23530892,8.1,Rajkumar Hirani,"Comedy, Drama, Musical",2003,73992
14131,8.1,Bong Joon Ho,"Crime, Drama, Mystery",2003,139558
300000,8.1,Farhan Akhtar,"Comedy, Drama, Romance",2001,66803
70099045,8.1,Quentin Tarantino,"Action, Crime, Drama",2003,1000639
380843261,8.1,Andrew Stanton,"Animation, Adventure, Comedy",2003,949565
164615351,8.1,Steven Spielberg,"Biography, Crime, Drama",2002,832846
5383834,8.1,Alejandro G. Iñárritu,"Drama, Thriller",2000,223741
289916256,8.1,Pete Docter,"Animation, Adventure, Comedy",2001,815505
23530892,8.1,Hideaki Anno,"Animation, Action, Drama",1997,38847
70147,8.1,Ashutosh Gowariker,"Adventure, Drama, Musical",2001,105036
293506292,8.1,M. Night Shyamalan,"Drama, Mystery, Thriller",1999,911573
259127,8.1,Giuseppe Tornatore,"Drama, Music, Romance",1998,59020
125618201,8.1,Peter Weir,"Comedy, Drama",1998,939631
348660,8.1,Emir Kusturica,"Comedy, Crime, Romance",1998,50862
17498804,8.1,Joel Coen,"Comedy, Crime, Sport",1998,732620
2734044,8.1,Kar-Wai Wong,"Drama, Romance",2000,124383
16501785,8.1,Danny Boyle,Drama,1996,634716
24611975,8.1,Joel Coen,"Crime, Drama, Thriller",1996,617444
171082,8.1,Emir Kusturica,"Comedy, Drama, War",1995,55220
309811,8.1,Mathieu Kassovitz,"Crime, Drama",1995,150345
23530892,8.1,Aditya Chopra,"Drama, Romance",1995,63516
5535405,8.1,Richard Linklater,"Drama, Romance",1995,272291
4043686,8.1,Krzysztof Kieslowski,"Drama, Mystery, Romance",1994,90729
600200,8.1,Kar-Wai Wong,"Comedy, Crime, Drama",1994,63122
402453882,8.1,Steven Spielberg,"Action, Adventure, Sci-Fi",1993,867615
25010410,8.1,Jim Sheridan,"Biography, Crime, Drama",1993,156842
5216888,8.1,Kaige Chen,"Drama, Music, Romance",1993,25088
2603061,8.1,Yimou Zhang,"Drama, History, Romance",1991,29662
95860116,8.1,Peter Weir,"Comedy, Drama",1989,425457
52287414,8.1,Rob Reiner,"Adventure, Drama",1986,363401
138530565,8.1,Oliver Stone,"Drama, War",1986,381222
2181987,8.1,Wim Wenders,Drama,1984,91188
495770,8.1,Hayao Miyazaki,"Animation, Adventure, Fantasy",1984,150924
13782838,8.1,John Carpenter,"Horror, Mystery, Sci-Fi",1982,371271
22244207,8.1,Alan Parker,"Drama, Fantasy, Music",1982,76081
23530892,8.1,Werner Herzog,"Adventure, Drama",1982,31595
4971340,8.1,Ingmar Bergman,Drama,1982,57784
32868943,8.1,Ridley Scott,"Action, Sci-Fi, Thriller",1982,693827
23530892,8.1,David Lynch,"Biography, Drama",1980,220078
20045115,8.1,Terry Jones,Comedy,1979,367250
48979328,8.1,Michael Cimino,"Drama, War",1978,311361
117235247,8.1,John G. Avildsen,"Drama, Sport",1976,518546
23530892,8.1,Sidney Lumet,Drama,1976,144911
23530892,8.1,Stanley Kubrick,"Adventure, Drama, History",1975,149843
177345,8.1,Andrei Tarkovsky,"Biography, Drama",1975,40081
29000000,8.1,Roman Polanski,"Drama, Mystery, Thriller",1974,294230
30933743,8.1,Peter Bogdanovich,"Comedy, Crime, Drama",1973,42285
1742348,8.1,Ingmar Bergman,Drama,1972,30206
23530892,8.1,Andrei Tarkovsky,"Drama, Mystery, Sci-Fi",1972,81021
39481,8.1,Jean-Pierre Melville,"Crime, Drama, Mystery",1967,45434
16217773,8.1,Stuart Rosenberg,"Crime, Drama",1967,161984
23530892,8.1,Ingmar Bergman,"Drama, Thriller",1966,103191
102021,8.1,Andrei Tarkovsky,"Biography, Drama, History",1966,46947
55908,8.1,Gillo Pontecorvo,"Drama, War",1966,53089
23530892,8.1,Luis Buñuel,"Drama, Fantasy",1962,29682
4050000,8.1,Robert Aldrich,"Drama, Horror, Thriller",1962,50058
23530892,8.1,Akira Kurosawa,"Action, Comedy, Crime",1962,33044
23530892,8.1,John Ford,"Drama, Western",1962,68827
23530892,8.1,Andrei Tarkovsky,"Drama, War",1962,31728
1526000,8.1,Ingmar Bergman,Drama,1960,26697
23530892,8.1,Stanley Kramer,"Biography, Drama, History",1960,27254
23530892,8.1,François Truffaut,"Crime, Drama",1959,105291
74700000,8.1,William Wyler,"Adventure, Drama, History",1959,219466
23530892,8.1,Akira Kurosawa,"Adventure, Drama",1958,34797
752045,8.1,Federico Fellini,Drama,1957,42940
23530892,8.1,Akira Kurosawa,"Drama, History",1957,46678
44908000,8.1,David Lean,"Adventure, Drama, War",1957,203463
9600000,8.1,Elia Kazan,"Crime, Drama, Thriller",1954,142107
23530892,8.1,Henri-Georges Clouzot,"Adventure, Drama, Thriller",1953,54588
3969893,8.1,Billy Wilder,"Drama, Film-Noir",1951,31568
23530892,8.1,Raoul Walsh,"Action, Crime, Drama",1949,29807
449191,8.1,Carol Reed,"Film-Noir, Mystery, Thriller",1949,158731
10900000,8.1,Michael Powell,"Drama, Music, Romance",1948,30935
203300,8.1,Ernst Lubitsch,"Comedy, Drama, Romance",1940,28450
4360000,8.1,Alfred Hitchcock,"Drama, Mystery, Romance",1940,123942
9600000,8.1,Frank Capra,"Comedy, Drama",1939,107017
198676459,8.1,Victor Fleming,"Drama, History, Romance",1939,290074
172885,8.1,Jean Renoir,"Drama, War",1937,33829
4360000,8.1,Frank Capra,"Comedy, Romance",1934,94016
21877,8.1,Carl Theodor Dreyer,"Biography, Drama, History",1928,47676
23530892,8.1,Charles Chaplin,"Comedy, Romance",1928,30205
539540,8.1,F.W. Murnau,"Drama, Romance",1927,46865
1033895,8.1,Clyde Bruckman,"Action, Adventure, Comedy",1926,81156
23530892,8.1,Robert Wiene,"Fantasy, Horror, Mystery",1920,57428
23530892,8,Amit Ravindernath Sharma,"Comedy, Drama",2018,27978
23530892,8,Ericson Core,"Adventure, Biography, Drama",2019,37556
23530892,8,Raja Menon,"Drama, History",2016,52897
8178001,8,Kabir Khan,"Action, Adventure, Comedy",2015,72245
23530892,8,Neeraj Pandey,"Action, Crime, Thriller",2015,52848
151101803,8,Damien Chazelle,"Comedy, Drama, Music",2016,505918
51739495,8,Garth Davis,"Biography, Drama",2016,213970
228433663,8,Ridley Scott,"Adventure, Drama, Sci-Fi",2015,760094
341268248,8,Byron Howard,"Animation, Adventure, Comedy",2016,434143
6738000,8,S.S. Rajamouli,"Action, Drama",2015,102972
1506975,8,Isao Takahata,"Animation, Adventure, Drama",2013,38746
132422809,8,Stephen Chbosky,"Drama, Family",2017,141923
5566534,8,Zoya Akhtar,"Drama, Music, Romance",2019,31886
1079369,8,Neeraj Pandey,"Crime, Drama, Thriller",2013,51069
1010414,8,Destin Daniel Cretton,Drama,2013,81770
2625803,8,Gareth Evans,"Action, Crime, Thriller",2014,114316
91125683,8,Morten Tyldum,"Biography, Drama, Thriller",2014,685201
333176600,8,James Gunn,"Action, Adventure, Comedy",2014,1043455
92054159,8,Denis Villeneuve,"Action, Drama, Mystery",2017,461823
25568251,8,Spike Jonze,"Drama, Romance, Sci-Fi",2013,540772
216428042,8,Bryan Singer,"Biography, Drama, Music",2018,450349
183637894,8,Alejandro G. Iñárritu,"Action, Adventure, Drama",2015,705589
17738570,8,Stephen Chbosky,"Drama, Romance",2012,462252
100119,8,José Padilha,"Action, Crime, Drama",2010,79200
138797449,8,Tom Hooper,"Biography, Drama, History",2010,639603
169708112,8,Tate Taylor,Drama,2011,428521
363070709,8,Tim Miller,"Action, Adventure, Comedy",2016,902669
106662,8,Asghar Farhadi,"Drama, Mystery",2009,45803
10950,8,Anurag Kashyap,"Drama, Romance",2009,28749
23530892,8,Wilson Yip,"Action, Biography, Drama",2008,211427
4018695,8,Karan Johar,Drama,2010,98575
23530892,8,Levent Semerci,"Action, Drama, Thriller",2009,31838
141319928,8,Danny Boyle,"Drama, Romance",2008,798882
106954678,8,Darren Aronofsky,"Drama, Thriller",2010,699673
8060,8,José Padilha,"Action, Crime, Drama",2007,98097
623279547,8,Joss Whedon,"Action, Adventure, Sci-Fi",2012,1260806
4445756,8,Vincent Paronnaud,"Animation, Biography, Drama",2007,88656
27298285,8,Jean-Marc Vallée,"Biography, Drama",2013,441614
163566459,8,Gabriele Muccino,"Biography, Drama",2006,448930
57366262,8,Edward Zwick,"Adventure, Drama, Thriller",2006,499439
227471070,8,Paul Greengrass,"Action, Mystery, Thriller",2007,604694
238507,8,Ki-duk Kim,"Crime, Drama, Romance",2004,50610
74103820,8,Frank Miller,"Crime, Thriller",2005,738512
5990075,8,Julian Schnabel,"Biography, Drama",2007,103284
23530892,8,Ömer Faruk Sorak,"Adventure, Comedy, Sci-Fi",2004,56960
206445654,8,Brad Bird,"Animation, Adventure, Comedy",2007,641645
167445960,8,Martin Campbell,"Action, Adventure, Thriller",2006,582239
66208183,8,Quentin Tarantino,"Action, Crime, Thriller",2004,683900
502028,8,Andrey Zvyagintsev,Drama,2003,42399
2380788,8,Ki-duk Kim,"Drama, Romance",2003,77520
2086345,8,Alejandro Amenábar,"Biography, Drama",2014,77554
61649911,8,Ron Howard,"Biography, Drama, History",2005,176151
1787378,8,Nikkhil Advani,"Comedy, Drama, Musical",2003,63460
169659,8,Andrew Lau,"Action, Crime, Drama",2002,117857
305413918,8,Gore Verbinski,"Action, Adventure, Fantasy",2003,1015122
66257002,8,Tim Burton,"Adventure, Drama, Fantasy",2003,415218
261441092,8,Brad Bird,"Animation, Action, Adventure",2004,657047
23530892,8,Jae-young Kwak,"Comedy, Drama, Romance",2001,45403
1530386,8,Lars von Trier,"Crime, Drama",2003,137963
23530892,8,Yilmaz Erdogan,"Comedy, Drama",2001,33592
1480006,8,Richard Kelly,"Drama, Mystery, Sci-Fi",2001,740086
22455976,8,Paul Thomas Anderson,Drama,1999,289742
4184036,8,Lars von Trier,"Crime, Drama, Musical",2000,102285
6203044,8,David Lynch,"Biography, Drama",1999,82002
776665,8,Satoshi Kon,"Animation, Crime, Mystery",1997,58192
1647780,8,Thomas Vinterberg,Drama,1998,78341
5595428,8,Walter Salles,Drama,1998,36419
23159305,8,Brad Bird,"Animation, Action, Adventure",1999,172083
3296,8,Thomas Jahn,"Action, Crime, Comedy",1997,27721
24475416,8,Billy Bob Thornton,Drama,1996,86838
13417292,8,Mike Leigh,"Comedy, Drama",1996,37564
57141459,8,Terry Gilliam,"Mystery, Sci-Fi, Thriller",1995,578443
515905,8,Mamoru Oshii,"Animation, Action, Crime",1995,129231
75082668,8,Henry Selick,"Animation, Family, Fantasy",1993,300208
70906973,8,Harold Ramis,"Comedy, Fantasy, Romance",1993,577991
4496583,8,Taylor Hackford,"Crime, Drama",1993,28825
63895607,8,Martin Brest,Drama,1992,263918
217350219,8,Ron Clements,"Animation, Adventure, Comedy",1992,373845
70405498,8,Oliver Stone,"Drama, History, Thriller",1991,142110
218967620,8,Gary Trousdale,"Animation, Family, Fantasy",1991,417178
184208848,8,Kevin Costner,"Adventure, Drama, Western",1990,240266
27545445,8,Spike Lee,"Comedy, Drama",1989,89429
178800000,8,Barry Levinson,Drama,1988,473064
553171,8,Katsuhiro Ôtomo,"Animation, Action, Sci-Fi",1988,164918
30857814,8,Rob Reiner,"Adventure, Family, Fantasy",1987,393899
3333969,8,Wim Wenders,"Drama, Fantasy, Romance",1987,64722
4542825,8,Louis Malle,"Drama, War",1987,31163
23530892,8,Hayao Miyazaki,"Animation, Adventure, Drama",1986,150140
38400000,8,James Cameron,"Action, Sci-Fi",1984,799795
52767889,8,Richard Attenborough,"Biography, Drama, History",1982,217664
23530892,8,Akira Kurosawa,"Drama, History, War",1980,32195
30177511,8,Hal Ashby,"Comedy, Drama",1979,65625
39200000,8,Woody Allen,"Comedy, Romance",1977,251823
260000000,8,Steven Spielberg,"Adventure, Thriller",1975,543388
50000000,8,Sidney Lumet,"Biography, Crime, Drama",1975,235652
86300000,8,Mel Brooks,Comedy,1974,143359
53267000,8,Franklin J. Schaffner,"Biography, Crime, Drama",1973,121627
232906145,8,William Friedkin,Horror,1973,362393
4081254,8,Joseph L. Mankiewicz,"Mystery, Thriller",1972,44748
29133000,8,Peter Bogdanovich,"Drama, Romance",1971,42456
80500000,8,Norman Jewison,"Drama, Family, Musical",1971,39491
541940,8,Bernardo Bertolucci,Drama,1970,27067
102308889,8,George Roy Hill,"Biography, Crime, Drama",1969,201888
23530892,8,Roman Polanski,"Drama, Horror",1968,193674
33395426,8,Franklin J. Schaffner,"Adventure, Sci-Fi",1968,165167
104945305,8,Mike Nichols,"Comedy, Drama, Romance",1967,253676
23530892,8,Mike Nichols,Drama,1966,68926
163214286,8,Robert Wise,"Biography, Drama, Family",1965,205425
111722000,8,David Lean,"Drama, Romance, War",1965,69903
14500000,8,Sergio Leone,"Action, Drama, Western",1964,198219
50690,8,Federico Fellini,Drama,1963,108844
23530892,8,Jean-Luc Godard,Drama,1962,28057
8284000,8,Robert Rossen,"Drama, Sport",1961,75067
19516000,8,Federico Fellini,"Comedy, Drama",1960,66621
12535000,8,Howard Hawks,"Action, Drama, Western",1959,56305
11900000,8,Otto Preminger,"Crime, Drama, Mystery",1959,59847
2237659,8,Orson Welles,"Crime, Drama, Film-Noir",1958,98431
17570324,8,Richard Brooks,Drama,1958,45062
23530892,8,Alexander Mackendrick,"Drama, Film-Noir",1957,28137
23530892,8,Stanley Kubrick,"Crime, Drama, Film-Noir",1956,81702
654000,8,Charles Laughton,"Crime, Drama, Film-Noir",1955,81980
23530892,8,Federico Fellini,Drama,1954,58314
23530892,8,Henri-Georges Clouzot,"Crime, Drama, Horror",1955,61503
23530892,8,Billy Wilder,"Comedy, Drama, War",1953,51046
23530892,8,William Wyler,"Comedy, Romance",1953,127256
8000000,8,Elia Kazan,Drama,1951,99182
23530892,8,Nicholas Ray,"Drama, Film-Noir, Mystery",1950,26784
23530892,8,Robert Hamer,"Comedy, Crime",1949,34485
23530892,8,Alfred Hitchcock,"Crime, Drama, Mystery",1948,129783
23530892,8,Jacques Tourneur,"Crime, Drama, Film-Noir",1947,32784
23530892,8,David Lean,"Drama, Romance",1945,35601
4360000,8,Otto Preminger,"Drama, Film-Noir, Mystery",1944,42725
23650000,8,William Wyler,"Drama, Romance, War",1946,57259
23530892,8,Frank Capra,"Comedy, Crime, Thriller",1942,65101
2108060,8,John Huston,"Film-Noir, Mystery",1941,148928
55000,8,John Ford,"Drama, History",1940,85559
2076020,8,Victor Fleming,"Adventure, Family, Fantasy",1939,371379
23530892,8,Jean Renoir,"Comedy, Drama",1939,26725
23530892,8,W.S. Van Dyke,"Comedy, Crime, Mystery",1934,26642
3270000,8,Lewis Milestone,"Drama, War",1930,57318
50970,8,Sergei M. Eisenstein,"Drama, History, Thriller",1925,53054
165359751,7.9,Rian Johnson,"Comedy, Crime, Drama",2019,454203
23530892,7.9,Mukesh Chhabra,"Comedy, Drama, Romance",2020,111478
3313513,7.9,Hirokazu Koreeda,"Crime, Drama",2018,62754
2000000,7.9,Noah Baumbach,"Comedy, Drama, Romance",2019,246644
18095701,7.9,Luca Guadagnino,"Drama, Romance",2017,212651
258168,7.9,Ken Loach,Drama,2016,53818
32015231,7.9,Wes Anderson,"Animation, Adventure, Comedy",2018,139114
5202582,7.9,Taika Waititi,"Adventure, Comedy, Drama",2016,111483
5875006,7.9,Matt Ross,"Comedy, Drama",2016,189400
3237118,7.9,John Carney,"Comedy, Drama, Music",2016,85109
315058289,7.9,Taika Waititi,"Action, Adventure, Comedy",2017,587775
32381218,7.9,Dan Gilroy,"Crime, Drama, Thriller",2014,466134
349555,7.9,Taika Waititi,"Comedy, Drama, War",2019,297918
100546139,7.9,Denis Villeneuve,"Drama, Sci-Fi",2016,594181
936662225,7.9,J.J. Abrams,"Action, Adventure, Sci-Fi",2015,860823
8114627,7.9,Richard Linklater,"Drama, Romance",2013,141457
233921534,7.9,Bryan Singer,"Action, Adventure, Sci-Fi",2014,659763
138730,7.9,Nuri Bilge Ceylan,"Crime, Drama",2011,41995
44671682,7.9,Michel Hazanavicius,"Comedy, Drama, Romance",2011,230624
100206256,7.9,Doug Liman,"Action, Adventure, Sci-Fi",2014,600004
6739492,7.9,Michael Haneke,"Drama, Romance",2012,93090
7000000,7.9,Martin Scorsese,"Biography, Crime, Drama",2019,324720
2084637,7.9,Jacques Audiard,"Crime, Drama",2009,93560
5009677,7.9,Duncan Jones,"Drama, Mystery, Sci-Fi",2009,335152
2122065,7.9,Tomas Alfredson,"Crime, Drama, Fantasy",2008,205609
115646235,7.9,Neill Blomkamp,"Action, Sci-Fi, Thriller",2009,638202
26236603,7.9,Darren Aronofsky,"Drama, Sport",2008,289415
410800,7.9,Imtiaz Ali,"Comedy, Drama, Romance",2007,47720
25379975,7.9,Richard Linklater,Drama,2014,335533
1185783,7.9,Cristian Mungiu,Drama,2007,56625
257730019,7.9,J.J. Abrams,"Action, Adventure, Sci-Fi",2009,577336
7757130,7.9,Martin McDonagh,"Comedy, Crime, Drama",2008,390334
23530892,7.9,Richard Schenkman,"Drama, Fantasy, Mystery",2007,174125
13756082,7.9,Clint Eastwood,"Action, Adventure, Drama",2006,154011
2280348,7.9,Tarsem Singh,"Adventure, Drama, Fantasy",2006,107290
124987023,7.9,Ang Lee,"Adventure, Drama, Fantasy",2012,580708
21002919,7.9,Wes Anderson,"Animation, Adventure, Comedy",2009,199696
23530892,7.9,Jean-Marc Vallée,"Comedy, Drama",2005,31476
3635164,7.9,Christophe Barratier,"Drama, Music",2004,57430
318412101,7.9,Jon Favreau,"Action, Adventure, Sci-Fi",2008,939644
13542874,7.9,Edgar Wright,"Comedy, Horror",2004,512249
23530892,7.9,Fatih Akin,"Drama, Romance",2004,51325
90135191,7.9,Clint Eastwood,"Crime, Drama, Mystery",2003,419420
249358727,7.9,Alfonso Cuarón,"Adventure, Family, Fantasy",2004,552493
53710019,7.9,Yimou Zhang,"Action, Adventure, History",2002,173999
9284265,7.9,Pedro Almodóvar,"Drama, Mystery, Romance",2002,104691
1059830,7.9,Danis Tanovic,"Comedy, Drama, War",2001,44618
1000045,7.9,Shin'ichirô Watanabe,"Animation, Action, Crime",2001,42897
121661683,7.9,Doug Liman,"Action, Mystery, Thriller",2002,508771
1221261,7.9,Fabián Bielinsky,"Crime, Drama, Thriller",2000,49721
35552383,7.9,Alfonso Cuarón,"Adventure, Drama, Sci-Fi",2006,465113
32534850,7.9,Cameron Crowe,"Adventure, Comedy, Drama",2000,252586
7220243,7.9,David Lynch,"Drama, Mystery, Thriller",2001,322031
245852179,7.9,John Lasseter,"Animation, Adventure, Comedy",1999,527512
26400640,7.9,Paul Thomas Anderson,Drama,1997,239473
23530892,7.9,Yoshifumi Kondô,"Animation, Drama, Family",1995,51943
2201126,7.9,Lee Tamahori,"Crime, Drama",1994,31590
12281500,7.9,Tony Scott,"Crime, Drama, Romance",1993,206918
1324974,7.9,Krzysztof Kieslowski,"Drama, Music, Mystery",1993,89836
23530892,7.9,Yoshiaki Kawajiri,"Animation, Action, Adventure",1993,34529
36948322,7.9,Brian De Palma,"Crime, Drama, Thriller",1993,201000
56362352,7.9,Tim Burton,"Drama, Fantasy, Romance",1990,447368
14743391,7.9,Jim Sheridan,"Biography, Drama",1989,68076
18254702,7.9,Woody Allen,"Comedy, Drama",1989,54670
76270454,7.9,Brian De Palma,"Crime, Drama, Thriller",1987,281842
40084041,7.9,Woody Allen,"Comedy, Drama",1986,67176
9929135,7.9,Terry Gilliam,"Drama, Sci-Fi",1985,187567
188751,7.9,Rob Reiner,"Comedy, Music",1984,128812
20605209,7.9,Bob Clark,"Comedy, Family",1983,132947
57229890,7.9,John Landis,"Action, Adventure, Comedy",1980,183182
45700000,7.9,Woody Allen,"Comedy, Drama, Romance",1979,131436
37823676,7.9,Bob Fosse,"Drama, Music, Musical",1979,28223
5100000,7.9,George A. Romero,"Action, Adventure, Horror",1978,111512
70600000,7.9,Alan J. Pakula,"Biography, Drama, History",1976,103031
61001,7.9,Alejandro Jodorowsky,"Adventure, Drama, Fantasy",1973,37183
23530892,7.9,Federico Fellini,"Comedy, Drama, Family",1973,39897
198809,7.9,Luis Buñuel,Comedy,1972,38737
23530892,7.9,Werner Herzog,"Action, Adventure, Biography",1972,52397
23530892,7.9,Hal Ashby,"Comedy, Drama, Romance",1971,70826
61700000,7.9,Franklin J. Schaffner,"Biography, Drama, War",1970,93741
12064472,7.9,Sam Peckinpah,"Action, Adventure, Western",1969,77401
89029,7.9,George A. Romero,"Horror, Thriller",1968,116557
22276975,7.9,Anthony Harvey,"Biography, Drama, History",1968,29003
24379978,7.9,Norman Jewison,"Crime, Drama, Mystery",1967,67804
13474588,7.9,Stanley Donen,"Comedy, Mystery, Romance",1963,68689
23530892,7.9,John Frankenheimer,"Drama, Thriller",1962,71122
30000000,7.9,Stanley Kubrick,"Adventure, Biography, Drama",1960,124339
23530892,7.9,Michelangelo Antonioni,"Drama, Mystery",1960,26542
88300,7.9,Alain Resnais,"Drama, Romance",1959,28421
93740000,7.9,Cecil B. DeMille,"Adventure, Drama",1956,63560
23530892,7.9,John Ford,"Adventure, Drama, Western",1956,80316
23530892,7.9,Elia Kazan,Drama,1955,40313
9450000,7.9,Fred Zinnemann,"Drama, Thriller, Western",1952,97222
7630000,7.9,Alfred Hitchcock,"Crime, Film-Noir, Thriller",1951,123341
23530892,7.9,Henry Koster,"Comedy, Drama, Fantasy",1950,52573
2650000,7.9,George Seaton,"Comedy, Drama, Family",1947,41625
10464000,7.9,Alfred Hitchcock,"Drama, Film-Noir, Romance",1946,92306
6540000,7.9,Howard Hawks,"Crime, Film-Noir, Mystery",1946,78796
9460000,7.9,Billy Wilder,"Drama, Film-Noir",1945,33549
23530892,7.9,George Cukor,"Comedy, Romance",1940,63550
296000,7.9,Howard Hawks,"Comedy, Drama, Romance",1940,53667
3981000,7.9,Michael Curtiz,"Action, Adventure, Romance",1938,47175
2537520,7.9,Sam Wood,"Comedy, Music, Musical",1935,30580
10000000,7.9,Merian C. Cooper,"Adventure, Horror, Sci-Fi",1933,78991
23530892,7.9,Tod Browning,"Drama, Horror",1932,42117
23530892,7.9,F.W. Murnau,"Fantasy, Horror",1922,88794
23530892,7.8,Guy Ritchie,"Action, Comedy, Crime",2019,237392
23530892,7.8,Meghna Gulzar,"Action, Drama, Thriller",2018,25344
23530892,7.8,Darius Marder,"Drama, Music",2019,27187
2402067,7.8,Asghar Farhadi,Drama,2016,51240
188373161,7.8,Christopher Nolan,"Action, Drama, History",2017,555092
23530892,7.8,Paolo Genovese,"Comedy, Drama",2016,57168
169607287,7.8,Theodore Melfi,"Biography, Drama, History",2016,200876
40442052,7.8,Paul King,"Adventure, Comedy, Family",2017,61594
23530892,7.8,Abhishek Chaubey,"Action, Crime, Drama",2016,27175
48023088,7.8,Travis Knight,"Animation, Action, Adventure",2016,118035
1782795,7.8,Neeraj Pandey,"Biography, Drama, Sport",2016,40416
47695120,7.8,Kenneth Lonergan,Drama,2016,246963
435266,7.8,Martin Zandvliet,"Drama, History, War",2015,35539
532177324,7.8,Gareth Edwards,"Action, Adventure, Sci-Fi",2016,556608
408084349,7.8,Anthony Russo,"Action, Adventure, Sci-Fi",2016,663649
54117416,7.8,Quentin Tarantino,"Crime, Drama, Mystery",2015,517059
108101214,7.8,Greta Gerwig,"Drama, Romance",2019,143250
6735118,7.8,Dorota Kobiela,"Animation, Biography, Crime",2017,50778
23530892,7.8,Matthew Warchus,"Biography, Comedy, Drama",2014,51841
1330596,7.8,Asghar Farhadi,"Drama, Mystery",2013,45002
2852400,7.8,Paolo Sorrentino,Drama,2013,81125
4231500,7.8,Ritesh Batra,"Drama, Romance",2013,50523
169209,7.8,Shoojit Sircar,"Comedy, Romance",2012,39710
222527828,7.8,Don Hall,"Animation, Action, Adventure",2014,410983
15322921,7.8,Richard Curtis,"Comedy, Drama, Fantasy",2013,303032
1670773,7.8,Gauri Shinde,"Comedy, Drama, Family",2012,33618
5209580,7.8,Hayao Miyazaki,"Animation, Biography, Drama",2013,73690
434038008,7.8,Josh Cooley,"Animation, Adventure, Comedy",2019,203177
85433,7.8,Giuseppe Tornatore,"Crime, Drama, Mystery",2013,108399
45512466,7.8,Wes Anderson,"Comedy, Drama, Romance",2012,318789
177002924,7.8,Dean DeBlois,"Animation, Action, Adventure",2014,305611
70259870,7.8,Adam McKay,"Biography, Comedy, Drama",2015,362942
23530892,7.8,Tetsuya Nakashima,"Drama, Thriller",2010,35713
128392,7.8,Jee-woon Kim,"Action, Crime, Drama",2010,111252
102515793,7.8,David Fincher,"Crime, Drama, Mystery",2011,423010
107100855,7.8,Paul Greengrass,"Adventure, Biography, Crime",2013,421244
6460,7.8,Jeong-beom Lee,"Action, Crime, Drama",2010,62848
161197785,7.8,F. Gary Gray,"Biography, Drama, History",2015,179264
547292,7.8,Bong Joon Ho,"Crime, Drama, Mystery",2009,52758
23530892,7.8,Hong-jin Na,"Action, Crime, Thriller",2008,58468
258366855,7.8,Peter Jackson,"Adventure, Fantasy",2013,601408
2222647,7.8,Michael Haneke,"Drama, History, Mystery",2009,68715
10095170,7.8,Niels Arden Oplev,"Crime, Drama, Mystery",2009,208994
23530892,7.8,Aaron Sorkin,"Drama, History, Thriller",2020,89896
23530892,7.8,Thomas Vinterberg,"Comedy, Drama",2020,33931
93617009,7.8,David O. Russell,"Biography, Drama, Sport",2010,340584
145000989,7.8,Pierre Morel,"Action, Thriller",2008,564791
9030581,7.8,Mark Herman,"Drama, History, War",2008,190748
9439923,7.8,John Carney,"Drama, Music, Romance",2007,110656
303003568,7.8,Peter Jackson,"Adventure, Fantasy",2012,757377
741283,7.8,Fatih Akin,Drama,2007,30827
50927067,7.8,Joe Wright,"Drama, Mystery, Romance",2007,251370
35061555,7.8,Nicolas Winding Refn,"Crime, Drama",2011,571571
130164645,7.8,Ridley Scott,"Biography, Crime, Drama",2007,392449
760507625,7.8,James Cameron,"Action, Adventure, Fantasy",2009,1118998
3600,7.8,Jaco Van Dormael,"Drama, Fantasy, Romance",2009,216421
50866635,7.8,Mel Gibson,"Action, Adventure, Drama",2006,291018
59891098,7.8,Jonathan Dayton,"Comedy, Drama",2006,439856
23637265,7.8,Edgar Wright,"Action, Comedy, Mystery",2007,463466
127509326,7.8,David Fincher,"Drama, Fantasy, Romance",2008,589160
2921738,7.8,Yash Chopra,"Drama, Family, Musical",2004,49050
1305,7.8,Anders Thomas Jensen,"Comedy, Crime, Drama",2005,45717
38405088,7.8,Joe Wright,"Drama, Romance",2005,258924
5128124,7.8,Roger Donaldson,"Biography, Drama, Sport",2005,51980
128985,7.8,Satoshi Kon,"Animation, Adventure, Comedy",2003,31658
25514517,7.8,Joss Whedon,"Action, Adventure, Sci-Fi",2005,283310
119519402,7.8,James Mangold,"Biography, Drama, Music",2005,234207
15280,7.8,Mikael Håfström,Drama,2003,35682
81001787,7.8,Nick Cassavetes,"Drama, Romance",2004,520284
16756372,7.8,Walter Salles,"Adventure, Biography, Drama",2004,96703
181655,7.8,Lukas Moodysson,"Crime, Drama",2002,42673
7002255,7.8,Sylvain Chomet,"Animation, Comedy, Drama",2003,50622
23530892,7.8,Chan-wook Park,"Action, Drama, Thriller",2000,26518
54234062,7.8,Kevin Reynolds,"Action, Adventure, Drama",2002,129022
2892011,7.8,Richard Linklater,"Animation, Drama, Fantasy",2001,60684
115654751,7.8,Boaz Yakin,"Biography, Drama, Sport",2000,198089
128078872,7.8,Ang Lee,"Action, Adventure, Fantasy",2000,253228
8264530,7.8,Pedro Almodóvar,Drama,1999,89058
233632142,7.8,Robert Zemeckis,"Adventure, Drama, Romance",2000,524235
25812,7.8,Troy Duffy,"Action, Crime, Thriller",1999,227143
28965197,7.8,Michael Mann,"Biography, Drama, Thriller",1999,159886
32481825,7.8,Joe Johnston,"Biography, Drama, Family",1999,82855
267665011,7.8,Andrew Adamson,"Animation, Adventure, Comedy",2001,613941
659325379,7.8,James Cameron,"Drama, Romance",1997,1046089
233986,7.8,Takeshi Kitano,"Crime, Drama, Romance",1997,27712
12339633,7.8,Andrew Niccol,"Drama, Sci-Fi, Thriller",1997,280845
48323648,7.8,David Fincher,"Action, Drama, Mystery",1997,345096
4040691,7.8,Lars von Trier,Drama,1996,62428
5887457,7.8,Tim Burton,"Biography, Comedy, Drama",1994,164937
9170214,7.8,Lasse Hallström,Drama,1993,215034
56505065,7.8,George P. Cosmatos,"Action, Biography, Drama",1993,126871
32416586,7.8,David Mickey Evans,"Comedy, Drama, Family",1993,78963
22954968,7.8,James Ivory,"Drama, Romance",1993,66065
1769305,7.8,Mike Leigh,"Comedy, Drama",1993,34635
183875760,7.8,Andrew Davis,"Action, Crime, Drama",1993,267684
17266971,7.8,Robert De Niro,"Crime, Drama, Romance",1993,128171
5617391,7.8,Kevin Altieri,"Animation, Action, Crime",1993,43690
23530892,7.8,John Woo,"Action, Crime, Thriller",1992,46700
2015810,7.8,Jim Jarmusch,"Comedy, Drama",1991,55362
1999955,7.8,Krzysztof Kieslowski,"Drama, Fantasy, Music",1991,42376
57504069,7.8,John Singleton,"Crime, Drama",1991,126082
61276872,7.8,Rob Reiner,"Drama, Thriller",1990,184740
52096475,7.8,Penny Marshall,"Biography, Drama",1990,125276
23530892,7.8,Hayao Miyazaki,"Animation, Adventure, Drama",1989,124193
26830000,7.8,Edward Zwick,"Biography, Drama, History",1989,122779
23530892,7.8,John Woo,"Action, Crime, Drama",1989,45624
118500000,7.8,Robert Zemeckis,"Adventure, Comedy, Sci-Fi",1989,481918
34603943,7.8,Alan Parker,"Crime, Drama, History",1988,88214
59735548,7.8,John McTiernan,"Action, Adventure, Sci-Fi",1987,371387
5923044,7.8,Sam Raimi,"Action, Comedy, Fantasy",1987,148359
70136369,7.8,John Hughes,Comedy,1986,321382
1436000,7.8,Jim Jarmusch,"Comedy, Crime, Drama",1986,47834
61503218,7.8,Richard Donner,"Adventure, Comedy, Family",1985,244430
98467863,7.8,Steven Spielberg,Drama,1985,78321
45875171,7.8,John Hughes,"Comedy, Drama",1985,357026
34700291,7.8,Roland Joffé,"Biography, Drama, History",1984,51585
238632124,7.8,Ivan Reitman,"Action, Comedy, Fantasy",1984,355413
21500000,7.8,Philip Kaufman,"Adventure, Biography, Drama",1983,56235
2500000,7.8,Martin Scorsese,"Comedy, Crime, Drama",1982,88511
435110554,7.8,Steven Spielberg,"Family, Sci-Fi",1982,372490
106260000,7.8,Robert Benton,Drama,1979,133351
23530892,7.8,Terrence Malick,"Drama, Romance",1978,52852
31800000,7.8,Clint Eastwood,Western,1976,65659
23530892,7.8,John Huston,"Adventure, History, War",1975,44917
4420000,7.8,Francis Ford Coppola,"Drama, Mystery, Thriller",1974,98611
193817,7.8,René Laloux,"Animation, Sci-Fi",1973,25229
16056255,7.8,Fred Zinnemann,"Crime, Drama, Thriller",1973,37445
23530892,7.8,Terrence Malick,"Action, Crime, Drama",1973,66009
42765000,7.8,Bob Fosse,"Drama, Music, Musical",1972,48334
4000000,7.8,Mel Stuart,"Family, Fantasy, Musical",1971,178731
44785053,7.8,John Schlesinger,Drama,1969,101124
17550741,7.8,Terence Young,Thriller,1967,27733
56700000,7.8,Stanley Kramer,"Comedy, Drama",1967,39642
23530892,7.8,Arthur Penn,"Action, Biography, Crime",1967,102415
72000000,7.8,George Cukor,"Drama, Family, Musical",1964,86525
102272727,7.8,Robert Stevenson,"Comedy, Family, Fantasy",1964,158029
39100000,7.8,Ken Annakin,"Action, Drama, History",1962,52141
23530892,7.8,François Truffaut,"Drama, Romance",1962,37605
2616000,7.8,Jack Clayton,Horror,1961,27007
336705,7.8,Jean-Luc Godard,"Crime, Drama",1960,73251
23530892,7.8,Howard Hawks,"Action, Adventure, Drama",1948,28167
23530892,7.8,John Huston,"Action, Crime, Drama",1948,36995
23530892,7.8,Howard Hawks,"Adventure, Comedy, Film-Noir",1944,31053
23530892,7.8,Alfred Hitchcock,"Film-Noir, Thriller",1943,59556
23530892,7.8,John Ford,"Adventure, Drama, Western",1939,43621
23530892,7.8,Alfred Hitchcock,"Mystery, Thriller",1938,47400
23530892,7.8,Howard Hawks,"Comedy, Family, Romance",1938,55163
4360000,7.8,James Whale,"Drama, Horror, Sci-Fi",1935,43542
23530892,7.8,Leo McCarey,"Comedy, Musical, War",1933,55581
23530892,7.8,Howard Hawks,"Action, Crime, Drama",1932,25312
23530892,7.8,James Whale,"Drama, Horror, Sci-Fi",1931,65341
23530892,7.7,Alfonso Cuarón,Drama,2018,140375
335609,7.7,Francis Lee,"Drama, Romance",2017,25198
324591735,7.7,David Leitch,"Action, Adventure, Comedy",2018,478586
33800859,7.7,Taylor Sheridan,"Crime, Drama, Mystery",2017,205444
176040665,7.7,Jordan Peele,"Horror, Mystery, Thriller",2017,492851
220159104,7.7,Christopher McQuarrie,"Action, Adventure, Thriller",2018,291257
3358518,7.7,Hannes Holm,"Comedy, Drama, Romance",2015,47444
3333000,7.7,Jemaine Clement,"Comedy, Horror",2014,157498
765127,7.7,James Simone,"Animation, Drama, Family",2014,32798
35893537,7.7,James Marsh,"Biography, Drama, Romance",2014,404182
128261724,7.7,Matthew Vaughn,"Action, Adventure, Comedy",2014,590440
124872350,7.7,Josh Boone,"Drama, Romance",2014,344312
6743776,7.7,Alfonso Gomez-Rejon,"Comedy, Drama",2015,123210
42340598,7.7,Alejandro G. Iñárritu,"Comedy, Drama",2014,580291
2199675,7.7,Abdellatif Kechiche,"Drama, Romance",2013,138741
1122527,7.7,Abhishek Kapoor,"Drama, Sport",2013,32628
175058,7.7,Felix van Groeningen,"Drama, Music, Romance",2012,39379
259766572,7.7,Anthony Russo,"Action, Adventure, Sci-Fi",2014,736182
985912,7.7,Imtiaz Ali,"Drama, Music, Musical",2011,39501
17654912,7.7,Alexander Payne,"Adventure, Comedy, Drama",2013,112298
189422889,7.7,Rich Moore,"Animation, Adventure, Comedy",2012,380195
1339152,7.7,Mark Osborne,"Animation, Adventure, Drama",2015,56720
71177,7.7,Tony Kaye,Drama,2011,77071
56816662,7.7,Woody Allen,"Comedy, Fantasy, Romance",2011,388089
257760692,7.7,Christopher Miller,"Animation, Action, Adventure",2014,323982
274092705,7.7,Alfonso Cuarón,"Drama, Sci-Fi, Thriller",2013,769145
228778661,7.7,J.J. Abrams,"Action, Adventure, Sci-Fi",2013,463188
83861,7.7,Cary Joji Fukunaga,"Drama, War",2015,73964
96962694,7.7,David Fincher,"Biography, Drama",2010,624982
146408305,7.7,Matthew Vaughn,"Action, Adventure, Sci-Fi",2011,645512
277322503,7.7,Todd Phillips,Comedy,2009,717559
304360277,7.7,Sam Mendes,"Action, Adventure, Thriller",2012,630614
132092958,7.7,David O. Russell,"Comedy, Drama, Romance",2012,661871
136025503,7.7,Ben Affleck,"Biography, Drama, Thriller",2012,572581
32391374,7.7,Marc Webb,"Comedy, Drama, Romance",2009,472242
295983305,7.7,David Yates,"Adventure, Family, Fantasy",2010,479120
15090400,7.7,Hayao Miyazaki,"Animation, Adventure, Comedy",2008,125317
18593156,7.7,Ron Howard,"Biography, Drama, History",2008,103330
881302,7.7,Satoshi Kon,"Animation, Drama, Fantasy",2006,71379
35739802,7.7,Clint Eastwood,"Biography, Crime, Drama",2008,239203
1752214,7.7,Rob Reiner,"Comedy, Drama, Romance",2010,81446
23530892,7.7,Mamoru Hosoda,"Animation, Adventure, Comedy",2006,60368
23530892,7.7,Shûsuke Kaneko,"Crime, Drama, Fantasy",2006,28630
327919,7.7,Shane Meadows,"Crime, Drama",2006,115576
25442958,7.7,Alex Garland,"Drama, Sci-Fi, Thriller",2014,474141
412544,7.7,Susanne Bier,Drama,2006,32001
17605861,7.7,Kevin Macdonald,"Biography, Drama, History",2006,175355
33080084,7.7,David Fincher,"Crime, Drama, Mystery",2007,466080
22494487,7.7,Paul McGuigan,"Action, Crime, Drama",2006,299524
1054361,7.7,Christian Carion,"Drama, History, Music",2005,28003
871577,7.7,Anton Corbijn,"Biography, Drama, Music",2007,61609
200821936,7.7,Nathan Greno,"Animation, Adventure, Comedy",2010,405922
4398392,7.7,Paul Verhoeven,"Drama, Thriller, War",2006,72643
83043761,7.7,Ang Lee,"Drama, Romance",2005,323103
53606916,7.7,James Mangold,"Action, Crime, Drama",2007,288797
54580300,7.7,Paul Haggis,"Crime, Drama, Thriller",2004,419483
17108591,7.7,Stephen Chow,"Action, Comedy, Fantasy",2004,127250
176241941,7.7,Paul Greengrass,"Action, Mystery, Thriller",2004,434841
1082715,7.7,Brad Anderson,"Drama, Thriller",2004,358432
75331600,7.7,Taylor Hackford,"Biography, Drama, Music",2004,138356
44585453,7.7,Sofia Coppola,"Comedy, Drama",2003,415074
290013036,7.7,Mike Newell,"Adventure, Family, Fantasy",2005,548619
77911774,7.7,Tony Scott,"Action, Crime, Drama",2004,329592
75286229,7.7,Henry Selick,"Animation, Drama, Family",2009,197761
111110575,7.7,Edward Zwick,"Action, Drama",2003,400049
4890878,7.7,Peter Mullan,Drama,2002,25938
4064200,7.7,Wolfgang Becker,"Comedy, Drama, Romance",2003,137981
15539266,7.7,Jim Sheridan,Drama,2002,40403
40311852,7.7,Jessie Nelson,Drama,2001,142863
22245861,7.7,Spike Jonze,"Comedy, Drama",2002,178565
108638745,7.7,Ridley Scott,"Drama, History, War",2001,364254
104454762,7.7,Sam Mendes,"Crime, Drama, Thriller",2002,246840
141072,7.7,Oliver Hirschbiegel,"Drama, Thriller",2001,90842
21995263,7.7,Stephen Daldry,"Drama, Music",2000,126770
3029081,7.7,John Cameron Mitchell,"Comedy, Drama, Music",2001,31957
183417150,7.7,Steven Soderbergh,"Crime, Thriller",2001,516372
151086,7.7,Yoshiaki Kawajiri,"Animation, Action, Fantasy",2000,29210
45512588,7.7,Joel Coen,"Adventure, Comedy, Crime",2000,286742
23530892,7.7,Bob Gale,"Adventure, Comedy, Drama",2002,29999
52037603,7.7,Trey Parker,"Animation, Comedy, Fantasy",1999,192112
10824921,7.7,Mike Judge,Comedy,1999,241575
2807390,7.7,Todd Solondz,"Comedy, Drama",1998,66408
76631907,7.7,Antoine Fuqua,"Crime, Drama, Thriller",2001,390247
17105219,7.7,Wes Anderson,"Comedy, Drama, Romance",1998,169229
368234,7.7,Alejandro Amenábar,"Drama, Mystery, Sci-Fi",1997,64082
22858926,7.7,Spike Jonze,"Comedy, Drama, Fantasy",1999,312542
148478011,7.7,James L. Brooks,"Comedy, Drama, Romance",1997,275755
63540020,7.7,Luc Besson,"Action, Adventure, Sci-Fi",1997,434125
4065116,7.7,Francis Veber,Comedy,1998,37424
41909762,7.7,Mike Newell,"Biography, Crime, Drama",1997,279318
35811509,7.7,Scott Hicks,"Biography, Drama, Music",1996,51350
56116183,7.7,Gregory Hoblit,"Crime, Drama, Mystery",1996,189716
4414535,7.7,Kenneth Branagh,Drama,1996,35991
10019307,7.7,Alfonso Cuarón,"Drama, Family, Fantasy",1995,32236
23530892,7.7,Kar-Wai Wong,"Comedy, Crime, Drama",1995,26429
21848932,7.7,Michael Radford,"Biography, Comedy, Drama",1994,33600
3151130,7.7,Kevin Smith,Comedy,1994,211450
6110979,7.7,Robert Altman,"Comedy, Drama",1993,42275
77324422,7.7,Jonathan Demme,Drama,1993,224169
27281507,7.7,Brian Henson,"Comedy, Drama, Family",1992,50298
48169908,7.7,Spike Lee,"Biography, Drama, History",1992,85819
75505856,7.7,Michael Mann,"Action, Adventure, Drama",1992,150409
23530892,7.7,Hayao Miyazaki,"Animation, Adventure, Comedy",1992,77798
10725228,7.7,James Foley,"Crime, Drama, Mystery",1992,95826
141340178,7.7,Rob Reiner,"Drama, Thriller",1992,235388
82418501,7.7,Jon Avnet,Drama,1991,66941
6153939,7.7,Joel Coen,"Comedy, Drama, Thriller",1991,113240
5080409,7.7,Joel Coen,"Crime, Drama, Thriller",1990,125822
156452370,7.7,Robert Zemeckis,"Animation, Adventure, Comedy",1988,182009
23530892,7.7,George Sluizer,"Mystery, Thriller",1988,33982
1544889,7.7,Bruce Robinson,"Comedy, Drama",1987,40396
43984230,7.7,Bernardo Bertolucci,"Biography, Drama, History",1987,94326
22238696,7.7,Steven Spielberg,"Action, Drama, History",1987,115677
7153487,7.7,Jean-Jacques Annaud,"Crime, Drama, Mystery",1986,102031
8551228,7.7,David Lynch,"Drama, Mystery, Thriller",1986,181285
10631333,7.7,Woody Allen,"Comedy, Fantasy, Romance",1985,47102
10600000,7.7,Martin Scorsese,"Comedy, Crime, Drama",1985,59635
11798616,7.7,Woody Allen,Comedy,1983,39881
54000000,7.7,Sidney Lumet,Drama,1982,36096
78912963,7.7,Nicholas Meyer,"Action, Adventure, Sci-Fi",1982,112704
47212904,7.7,Ted Kotcheff,"Action, Adventure",1982,226541
54800000,7.7,Robert Redford,Drama,1980,47099
83400000,7.7,Jim Abrahams,Comedy,1980,214882
23530892,7.7,Hayao Miyazaki,"Animation, Adventure, Family",1979,27014
47000000,7.7,John Carpenter,"Horror, Thriller",1978,233106
1924733,7.7,Roman Polanski,"Drama, Thriller",1976,39889
23530892,7.7,Woody Allen,"Comedy, War",1975,36037
23530892,7.7,Joseph Sargent,"Action, Crime, Thriller",1974,26729
119500000,7.7,Mel Brooks,"Comedy, Western",1974,125993
29800000,7.7,Sidney Lumet,"Biography, Crime, Drama",1973,109941
25000000,7.7,Robert Clouse,"Action, Crime, Drama",1973,96561
7056013,7.7,John Boorman,"Adventure, Drama, Thriller",1972,98740
15630710,7.7,William Friedkin,"Action, Crime, Drama",1971,110075
35900000,7.7,Don Siegel,"Action, Crime, Thriller",1971,143292
23530892,7.7,Brian G. Hutton,"Action, Adventure, War",1968,51913
44527234,7.7,Gene Saks,Comedy,1968,31572
45300000,7.7,Robert Aldrich,"Action, Adventure, War",1967,67183
26331,7.7,Luis Buñuel,"Drama, Romance",1967,40274
28350000,7.7,Fred Zinnemann,"Biography, Drama, History",1966,31222
23530892,7.7,Roman Polanski,"Drama, Horror, Thriller",1965,48883
23530892,7.7,Cy Endfield,"Drama, History, War",1964,35999
51081062,7.7,Guy Hamilton,"Action, Adventure, Thriller",1964,174119
11403529,7.7,Alfred Hitchcock,"Drama, Horror, Mystery",1963,171739
23530892,7.7,J. Lee Thompson,"Drama, Thriller",1962,26457
83957,7.7,Michael Powell,"Drama, Horror, Thriller",1960,31354
4905000,7.7,John Sturges,"Action, Adventure, Western",1960,87719
52709,7.7,Georges Franju,"Drama, Horror",1960,27620
23530892,7.7,Don Siegel,"Drama, Horror, Sci-Fi",1956,44839
23530892,7.7,Nicholas Ray,Drama,1955,83363
23530892,7.7,Alexander Mackendrick,"Comedy, Crime",1955,26464
23530892,7.7,Billy Wilder,"Comedy, Drama, Romance",1954,59415
10550000,7.7,John Ford,"Comedy, Drama, Romance",1952,34677
23530892,7.7,Robert Wise,"Drama, Sci-Fi",1951,76315
536118,7.7,John Huston,"Adventure, Drama, Romance",1951,71481
23530892,7.7,Charles Vidor,"Drama, Film-Noir, Romance",1946,27991
76408097,7.7,James Algar,"Animation, Family, Fantasy",1940,88662
23530892,7.7,James Whale,"Horror, Sci-Fi",1933,30683
23530892,7.6,Todd Haynes,"Biography, Drama, History",2019,60408
26020957,7.6,Aneesh Chaganty,"Drama, Mystery, Thriller",2018,140840
142502728,7.6,Quentin Tarantino,"Comedy, Drama",2019,551309
566356,7.6,Andrey Zvyagintsev,Drama,2017,29765
5904366,7.6,Sean Baker,Drama,2017,95181
23530892,7.6,Destin Daniel Cretton,"Biography, Crime, Drama",2019,46739
24801212,7.6,Marc Webb,Drama,2017,99643
13122642,7.6,Tyler Nilson,"Adventure, Comedy, Drama",2019,66346
23530892,7.6,Sebastian Schipper,"Crime, Drama, Romance",2015,52903
845464,7.6,Deniz Gamze Ergüven,Drama,2015,35785
389813101,7.6,James Gunn,"Action, Adventure, Comedy",2017,569974
107825862,7.6,Edgar Wright,"Action, Crime, Drama",2017,439406
18340051,7.6,Joseph Kosinski,"Action, Biography, Drama",2017,58371
72313754,7.6,Steven Spielberg,"Drama, History, Thriller",2015,287659
608581744,7.6,Brad Bird,"Animation, Action, Adventure",2018,250057
248757044,7.6,Ron Clements,"Animation, Adventure, Comedy",2016,272784
46889293,7.6,Denis Villeneuve,"Action, Crime, Drama",2015,371291
109767581,7.6,Ryan Coogler,"Drama, Sport",2015,247666
1092800,7.6,Andrey Zvyagintsev,"Crime, Drama",2014,49397
26862450,7.6,David Mackenzie,"Action, Crime, Drama",2016,204175
37707719,7.6,Stephen Frears,"Biography, Comedy, Drama",2013,94212
208545589,7.6,Matt Reeves,"Action, Adventure, Drama",2014,411599
23530892,7.6,Oriol Paulo,"Mystery, Thriller",2012,57549
4105123,7.6,Gareth Evans,"Action, Thriller",2011,190531
41003371,7.6,David Ayer,"Action, Crime, Drama",2012,228132
19202743,7.6,Hiromasa Yonebayashi,"Animation, Adventure, Family",2010,80939
215288866,7.6,Bradley Cooper,"Drama, Music, Romance",2018,334312
171243005,7.6,Ethan Coen,"Drama, Western",2010,311822
1008098,7.6,Susanne Bier,"Drama, Romance",2010,38491
251513985,7.6,Pierre Coffin,"Animation, Comedy, Crime",2010,500851
35014192,7.6,Jonathan Levine,"Comedy, Drama, Romance",2011,315426
48071303,7.6,Matthew Vaughn,"Action, Comedy, Crime",2010,524081
23530892,7.6,Daniel Monzón,"Action, Adventure, Crime",2009,63882
75605492,7.6,Bennett Miller,"Biography, Drama, Sport",2011,369529
3185812,7.6,Pedro Almodóvar,"Drama, Horror, Thriller",2011,138959
75590286,7.6,Ruben Fleischer,"Adventure, Comedy, Fantasy",2009,520041
23530892,7.6,Dennis Gansel,"Drama, Thriller",2008,102742
209028679,7.6,Guy Ritchie,"Action, Adventure, Mystery",2009,583158
255959475,7.6,John Lee Hancock,"Biography, Drama, Sport",2009,293266
9422422,7.6,Tom McCarthy,Drama,2007,41544
69951824,7.6,Gabriele Muccino,Drama,2008,286770
17114882,7.6,David Cronenberg,"Action, Crime, Drama",2007,227760
38634938,7.6,Matthew Vaughn,"Adventure, Family, Fantasy",2007,255036
686383,7.6,Tomm Moore,"Animation, Adventure, Family",2009,31779
88513495,7.6,Spike Lee,"Crime, Drama, Mystery",2006,339757
20300218,7.6,Ben Affleck,"Crime, Drama, Mystery",2007,250590
10301706,7.6,Olivier Dahan,"Biography, Drama, Music",2007,82781
24633730,7.6,Ronny Yu,"Action, Biography, Drama",2006,72863
39868642,7.6,Neil Burger,"Drama, Fantasy, Mystery",2006,354728
6013,7.6,Shane Meadows,"Crime, Drama, Thriller",2004,49728
301959197,7.6,David Yates,"Action, Adventure, Family",2009,474827
210614939,7.6,Zack Snyder,"Action, Drama",2006,732876
23089926,7.6,Woody Allen,"Drama, Romance, Thriller",2005,206294
107509799,7.6,Zack Snyder,"Action, Drama, Mystery",2009,500799
24149632,7.6,Andrew Niccol,"Action, Crime, Drama",2005,294140
56000369,7.6,James Wan,"Horror, Mystery, Thriller",2004,379020
3081925,7.6,Charlie Kaufman,Drama,2008,83158
697181,7.6,Gregg Araki,Drama,2004,65939
548707,7.6,Yann Samuell,"Comedy, Drama, Romance",2003,67360
6167817,7.6,Jean-Pierre Jeunet,"Drama, Mystery, Romance",2004,70925
5739376,7.6,Tom McCarthy,"Comedy, Drama",2003,67370
16290476,7.6,Alejandro G. Iñárritu,"Crime, Drama, Thriller",2003,224545
45289,7.6,Chan-wook Park,"Crime, Drama, Thriller",2002,62659
51680613,7.6,Marc Forster,"Biography, Drama, Family",2004,198677
13060843,7.6,Spike Lee,Drama,2002,169708
57938693,7.6,Eric Bress,"Drama, Sci-Fi, Thriller",2004,451479
45064915,7.6,Danny Boyle,"Drama, Horror, Sci-Fi",2002,376853
23530892,7.6,Kinji Fukasaku,"Action, Adventure, Drama",2000,169091
52364010,7.6,Wes Anderson,"Comedy, Drama",2001,266842
13622333,7.6,Alfonso Cuarón,Drama,2001,115827
317575550,7.6,Chris Columbus,"Adventure, Family, Fantasy",2001,658185
96522687,7.6,Alejandro Amenábar,"Horror, Mystery, Thriller",2001,337651
52990775,7.6,Ted Demme,"Biography, Crime, Drama",2001,240714
51401758,7.6,Jean-Jacques Annaud,"Drama, History, War",2001,243729
132072926,7.6,Steven Spielberg,"Action, Crime, Mystery",2002,508417
50668906,7.6,Norman Jewison,"Biography, Drama, Sport",1999,91557
15070285,7.6,Mary Harron,"Comedy, Crime, Drama",2000,490062
7267585,7.6,Tom Tykwer,"Crime, Drama, Thriller",1998,188317
36400491,7.6,Terrence Malick,"Drama, War",1998,172710
120620254,7.6,Tony Bancroft,"Animation, Adventure, Family",1998,256906
10680275,7.6,Terry Gilliam,"Adventure, Comedy, Drama",1998,259753
23530892,7.6,Michael Haneke,"Crime, Drama, Thriller",1997,65058
14378331,7.6,Alex Proyas,"Mystery, Sci-Fi, Thriller",1998,187927
49100000,7.6,Barry Levinson,"Crime, Drama, Thriller",1996,186734
3796699,7.6,David Lynch,"Mystery, Thriller",1997,131101
43182776,7.6,Ang Lee,"Drama, Romance",1995,102598
100012499,7.6,John McTiernan,"Action, Adventure, Thriller",1995,364420
1037847,7.6,Jim Jarmusch,"Adventure, Drama, Fantasy",1995,90442
71516617,7.6,Clint Eastwood,"Drama, Romance",1995,73172
173837933,7.6,Ron Howard,"Adventure, Drama, History",PG,269197
1464625,7.6,Krzysztof Kieslowski,"Comedy, Drama, Romance",1994,64390
40903593,7.6,Joel Schumacher,"Action, Crime, Drama",1993,171640
7993039,7.6,Richard Linklater,Comedy,1993,165465
52929168,7.6,Jonathan Lynn,"Comedy, Crime",1992,107325
453243,7.6,Isao Takahata,"Animation, Drama, Romance",1991,27071
1794187,7.6,Marc Caro,"Comedy, Crime",1991,80487
285761243,7.6,Chris Columbus,"Comedy, Family",1990,488817
66666062,7.6,Francis Ford Coppola,"Crime, Drama",1990,359809
92823600,7.6,Rob Reiner,"Comedy, Drama, Romance",1989,195663
111543479,7.6,Ron Clements,"Animation, Family, Fantasy",1989,237696
78756177,7.6,David Zucker,"Comedy, Crime",1988,152871
49530280,7.6,John Hughes,"Comedy, Drama",1987,124773
65207127,7.6,Richard Donner,"Action, Crime, Thriller",1987,236894
2150000,7.6,Joel Coen,"Crime, Drama, Thriller",1984,87745
119285432,7.6,Mark Rydell,Drama,1981,27650
12465371,7.6,George Miller,"Action, Adventure, Sci-Fi",1981,166588
22490039,7.6,Walter Hill,"Action, Crime, Thriller",1979,93878
76657000,7.6,James Frawley,"Adventure, Comedy, Family",1979,32802
43000000,7.6,Don Siegel,"Action, Biography, Crime",1979,121731
23530892,7.6,Martin Rosen,"Animation, Adventure, Drama",1978,33656
35000000,7.6,Alan Parker,"Biography, Crime, Drama",1978,73662
132088635,7.6,Steven Spielberg,"Drama, Sci-Fi",1977,184966
959000,7.6,Robert Altman,"Comedy, Crime, Drama",1973,26337
696690,7.6,Sergio Leone,"Drama, War, Western",1971,30144
1378435,7.6,Brian G. Hutton,"Adventure, Comedy, War",1970,45338
141843612,7.6,Wolfgang Reitherman,"Animation, Adventure, Family",1967,166409
23530892,7.6,Michelangelo Antonioni,"Drama, Mystery, Thriller",1966,56513
13780024,7.6,Richard Lester,"Comedy, Music, Musical",1964,40351
23530892,7.6,Blake Edwards,"Comedy, Drama, Romance",1961,166544
23530892,7.6,George Stevens,"Drama, Western",1956,34075
30500000,7.6,Fred Zinnemann,"Drama, Romance, War",1953,43374
23530892,7.6,Alfred Hitchcock,"Drama, War",1944,26471
23530892,7.6,Alfred Hitchcock,"Crime, Mystery, Thriller",1935,51853
