Genre,IMDB_Rating,No_of_Votes,Gross,Released_Year
Drama,9.3,2343110,28341469.0,1994
"Crime, Drama",9.2,1620367,134966411.0,1972
"Action, Crime, Drama",9.0,2303232,534858444.0,2008
"Crime, Drama",9.0,1129952,57300000.0,1974
"Crime, Drama",9.0,689845,4360000.0,1957
"Action, Adventure, Drama",8.9,1642758,377845905.0,2003
"Crime, Drama",8.9,1826188,107928762.0,1994
"Biography, Drama, History",8.9,1213505,96898818.0,1993
"Action, Adventure, Sci-Fi",8.8,2067042,292576195.0,2010
Drama,8.8,1854740,37030102.0,1999
"Action, Adventure, Drama",8.8,1661481,315544750.0,2001
"Drama, Romance",8.8,1809221,330252182.0,1994
Western,8.8,688390,6100000.0,1966
"Action, Adventure, Drama",8.7,1485555,342551365.0,2002
"Action, Sci-Fi",8.7,1676426,171479930.0,1999
"Biography, Crime, Drama",8.7,1020727,46836394.0,1990
"Action, Adventure, Fantasy",8.7,1159315,290475067.0,1980
Drama,8.7,918088,112000000.0,1975
"Biography, Drama, History",8.6,55291,23530892.0,2020
"Comedy, Drama, Thriller",8.6,552778,53367844.0,2019
Drama,8.6,54995,23530892.0,2020
"Adventure, Drama, Sci-Fi",8.6,1512360,188020017.0,2014
"Crime, Drama",8.6,699256,7563397.0,2002
"Animation, Adventure, Family",8.6,651376,10055859.0,2001
"Drama, War",8.6,1235804,216540909.0,1998
"Crime, Drama, Fantasy",8.6,1147794,136801374.0,1999
"Comedy, Drama, Romance",8.6,623629,57598247.0,1997
"Crime, Drama, Mystery",8.6,1445096,100125643.0,1995
"Crime, Drama, Thriller",8.6,1270197,130742922.0,1991
"Action, Adventure, Fantasy",8.6,1231473,322740140.0,1977
"Action, Drama, Mystery",8.6,42004,23530892.0,1962
"Action, Adventure, Drama",8.6,315744,269061.0,1954
"Drama, Family, Fantasy",8.6,405801,23530892.0,1946
"Crime, Drama, Thriller",8.5,939252,335451311.0,2019
"Drama, Music",8.5,717585,13092000.0,2014
"Biography, Comedy, Drama",8.5,760360,13182281.0,2011
"Drama, Mystery, Sci-Fi",8.5,1190259,53089891.0,2006
"Crime, Drama, Thriller",8.5,1189773,132384315.0,2006
"Biography, Drama, Music",8.5,729603,32572577.0,2002
"Action, Adventure, Drama",8.5,1341460,187705427.0,2000
Drama,8.5,1034705,6719864.0,1998
"Crime, Mystery, Thriller",8.5,991208,23341568.0,1995
"Action, Crime, Drama",8.5,1035236,19501238.0,1994
"Animation, Adventure, Drama",8.5,942045,422783777.0,1994
"Action, Sci-Fi",8.5,995506,204843350.0,1991
"Drama, Romance",8.5,230763,11990401.0,1988
"Animation, Drama, War",8.5,235231,23530892.0,1988
"Adventure, Comedy, Sci-Fi",8.5,1058081,210609762.0,1985
Western,8.5,302844,5321508.0,1968
"Horror, Mystery, Thriller",8.5,604211,32000000.0,1960
"Drama, Romance, War",8.5,522093,1024560.0,1942
"Comedy, Drama, Family",8.5,217881,163245.0,1936
"Comedy, Drama, Romance",8.5,167839,19181.0,1931
Drama,8.4,62635,1661096.0,2018
"Biography, Drama, History",8.4,34112,23530892.0,2017
"Action, Crime, Drama",8.4,28401,23530892.0,2017
"Animation, Drama, Fantasy",8.4,194838,5017246.0,2016
"Action, Biography, Drama",8.4,156479,12391761.0,2016
"Animation, Action, Adventure",8.4,375110,190241310.0,2018
"Action, Adventure, Drama",8.4,809955,858373000.0,2019
"Action, Adventure, Sci-Fi",8.4,834477,678815482.0,2018
"Animation, Adventure, Family",8.4,384171,209726015.0,2017
"Drama, Western",8.4,1357682,162805434.0,2012
"Action, Adventure",8.4,1516346,448139099.0,2012
"Comedy, Drama",8.4,344445,6532908.0,2009
"Drama, Family",8.4,168895,1223869.0,2007
"Animation, Adventure, Family",8.4,999790,223808164.0,2008
"Drama, Mystery, Thriller",8.4,358685,11286112.0,2006
"Action, Drama, Mystery",8.4,515451,707481.0,2003
"Mystery, Thriller",8.4,1125712,25544867.0,2000
"Animation, Action, Adventure",8.4,343171,2375308.0,1997
"Crime, Drama",8.4,311365,5321508.0,1984
"Action, Adventure",8.4,884112,248159971.0,1981
"Drama, Horror",8.4,898237,44017374.0,1980
"Drama, Mystery, War",8.4,606398,83471511.0,1979
"Horror, Sci-Fi",8.4,787806,78900000.0,1979
"Drama, Musical",8.4,30273,23530892.0,1971
"Crime, Drama, Mystery",8.4,34357,23530892.0,1963
Comedy,8.4,450474,275902.0,1964
"Crime, Drama, Mystery",8.4,108862,8175000.0,1957
"Drama, War",8.4,178092,23530892.0,1957
"Mystery, Thriller",8.4,444074,36764313.0,1954
"Drama, Film-Noir",8.4,201632,23530892.0,1950
"Comedy, Drama, War",8.4,203150,288475.0,1940
"Drama, Thriller, War",8.3,425844,159227644.0,2019
"Drama, Fantasy, Horror",8.3,27793,23530892.0,2018
"Crime, Drama, Music",8.3,71875,1373943.0,2018
"Crime, Drama, Thriller",8.3,30722,23530892.0,2013
Drama,8.3,281623,687185.0,2012
Drama,8.3,220002,7098492.0,2011
"Drama, Mystery, War",8.3,150023,6857096.0,2010
Drama,8.3,33935,23530892.0,2019
"Drama, Family",8.3,78925,23530892.0,2005
"Adventure, Drama, War",8.3,1267869,120540719.0,2009
"Drama, Romance, Sci-Fi",8.3,911664,34400301.0,2004
"Comedy, Romance",8.3,703810,33225499.0,2001
"Comedy, Crime",8.3,782001,30328156.0,2000
Drama,8.3,766870,3635482.0,2000
Drama,8.3,1069738,130096601.0,1999
"Drama, Romance",8.3,861606,138433435.0,1997
"Drama, Family, Sport",8.3,65341,933933.0,1997
"Animation, Adventure, Comedy",8.3,887429,191796233.0,1995
"Biography, Drama, History",8.3,959181,75600000.0,1995
"Crime, Drama, Thriller",8.3,918562,2832029.0,1992
"Drama, War",8.3,675146,46357676.0,1987
"Drama, Thriller, War",8.3,59056,23530892.0,1985
"Action, Adventure, Sci-Fi",8.3,652719,85160248.0,1986
"Biography, Drama, History",8.3,369007,51973029.0,1984
"Crime, Drama",8.3,740911,45598982.0,1983
"Action, Adventure, Fantasy",8.3,950470,309125409.0,1983
"Adventure, Drama, Thriller",8.3,231855,11487676.0,1981
"Crime, Drama",8.3,724636,28262574.0,1976
"Comedy, Crime, Drama",8.3,241513,159600000.0,1973
"Crime, Drama, Sci-Fi",8.3,757904,6207725.0,1971
"Adventure, Sci-Fi",8.3,603517,56954992.0,1968
Western,8.3,232772,15000000.0,1965
"Adventure, Biography, Drama",8.3,268085,44824144.0,1962
"Comedy, Drama, Romance",8.3,164363,18600000.0,1960
"Adventure, Mystery, Thriller",8.3,299198,13275000.0,1959
"Mystery, Romance, Thriller",8.3,364368,3200000.0,1958
"Comedy, Musical, Romance",8.3,218957,8819028.0,1952
Drama,8.3,68463,55240.0,1952
Drama,8.3,146427,332930.0,1948
"Crime, Drama, Film-Noir",8.3,143525,5720000.0,1944
"Drama, Mystery",8.3,403351,1585634.0,1941
"Crime, Mystery, Thriller",8.3,143434,28877.0,1931
"Drama, Sci-Fi",8.3,159992,1236166.0,1927
"Comedy, Drama, Family",8.3,113314,5450000.0,1921
"Comedy, Drama",8.2,33893,898575.0,2019
"Action, Drama, War",8.2,43444,4186168.0,2018
"Action, Drama",8.2,36680,23530892.0,2018
"Biography, Comedy, Drama",8.2,377884,85080171.0,2018
"Comedy, Crime, Drama",8.2,432610,54513740.0,2017
"Crime, Drama, Mystery",8.2,31142,342370.0,2015
"Action, Drama",8.2,75348,20186659.0,2017
"Animation, Adventure, Comedy",8.2,104761,23530892.0,2019
"Crime, Drama, Mystery",8.2,70367,739478.0,2015
"Adventure, Comedy, Drama",8.2,60701,1429534.0,2013
"Drama, War",8.2,40382,144501.0,2013
"Biography, Drama, Sport",8.2,61137,1626289.0,2013
"Action, Comedy, Crime",8.2,82365,23530892.0,2012
Drama,8.2,42341,7461.0,2010
"Action, Biography, Crime",8.2,33237,39567.0,2012
"Drama, Mystery, Romance",8.2,193217,6391436.0,2009
"Action, Drama, Sport",8.2,435950,13657115.0,2011
"Mystery, Thriller",8.2,1129894,128012934.0,2010
"Animation, Adventure, Comedy",8.2,935507,293004164.0,2009
"Biography, Crime, Drama",8.2,1187498,116900694.0,2013
"Drama, Family, Sport",8.2,74129,1113541.0,2007
Drama,8.2,517359,40222514.0,2007
"Drama, Fantasy, War",8.2,618623,37634615.0,2006
"Animation, Adventure, Comedy",8.2,757032,415004880.0,2010
"Action, Drama, Sci-Fi",8.2,1032749,70511035.0,2005
"Comedy, Crime, Drama",8.2,111937,2197331.0,2006
Drama,8.2,33354,733094.0,2005
"Action, Adventure",8.2,1308302,206852432.0,2005
Drama,8.2,83005,1223240.0,2004
"Biography, Drama, History",8.2,331308,5509040.0,2004
"Animation, Adventure, Family",8.2,333915,4711096.0,2004
"Biography, Drama",8.2,848920,170742341.0,2001
"Action, Comedy, Crime",8.2,57057,23530892.0,2000
"Action, Comedy, Crime",8.2,535216,3897569.0,1998
"Crime, Drama, Mystery",8.2,531967,64616940.0,1997
"Crime, Drama, Thriller",8.2,64118,23530892.0,1996
"Crime, Drama, Thriller",8.2,577113,67436818.0,1995
"Crime, Drama",8.2,466276,42438300.0,1995
"Action, Comedy, Romance",8.2,49300,23530892.0,1994
"Drama, Western",8.2,375935,101157447.0,1992
"Action, Adventure",8.2,692366,197171806.0,1989
"Comedy, Crime, Drama",8.2,26402,280015.0,1988
"Animation, Family, Fantasy",8.2,291180,1105564.0,1988
"Action, Thriller",8.2,793164,83008852.0,1988
"Action, Drama, War",8.2,112505,4135750.0,1985
"Biography, Drama, Sport",8.2,321860,23383987.0,1980
"Drama, Sci-Fi",8.2,116945,234723.0,1979
"Drama, Music",8.2,26875,23530892.0,1978
"Biography, Drama, History",8.2,43885,23530892.0,1976
"Action, Adventure, Comedy",8.2,51284,23530892.0,1975
"Adventure, Comedy, Fantasy",8.2,500875,1229197.0,1975
"Adventure, Drama, History",8.2,224730,12100000.0,1963
"Crime, Drama",8.2,293811,23530892.0,1962
"Action, Drama, Thriller",8.2,111244,23530892.0,1961
"Drama, War",8.2,69458,23530892.0,1961
"Comedy, Music, Romance",8.2,243943,25000000.0,1959
"Drama, Romance",8.2,96381,23530892.0,1957
"Drama, Fantasy, History",8.2,164939,23530892.0,1957
"Crime, Drama, Thriller",8.2,28810,57226.0,1955
"Crime, Thriller",8.2,158335,12562.0,1954
Drama,8.2,53153,23530892.0,1953
"Crime, Drama, Mystery",8.2,152572,96568.0,1950
Drama,8.2,120539,10177.0,1950
"Adventure, Drama, Western",8.2,114304,5014000.0,1948
"Comedy, War",8.2,29915,23530892.0,1942
"Adventure, Comedy, Drama",8.2,101053,5450000.0,1925
"Action, Comedy, Romance",8.2,41985,977375.0,1924
"Drama, Romance",8.1,63134,3759854.0,2019
"Drama, Thriller",8.1,39216,1241223.0,2016
"Animation, Drama, Family",8.1,47708,23530892.0,2016
"Crime, Drama, Mystery",8.1,141516,23530892.0,2016
"Drama, Romance, Thriller",8.1,113649,2006788.0,2016
Drama,8.1,50700,3492754.0,2014
"Action, Crime, Drama",8.1,50445,901610.0,2014
"Action, Drama, Sci-Fi",8.1,647884,226277068.0,2017
"Drama, Thriller",8.1,371538,14677674.0,2015
"Comedy, Drama, Thriller",8.1,177059,3107072.0,2014
"Animation, Adventure, Comedy",8.1,159171,23530892.0,2020
Drama,8.1,46547,165520.0,2014
"Comedy, Drama, Musical",8.1,163061,10616104.0,2014
"Comedy, Drama, Fantasy",8.1,51739,923221.0,2012
"Adventure, Comedy, Crime",8.1,707630,59100318.0,2014
"Drama, Mystery, Thriller",8.1,859695,167767189.0,2014
"Animation, Drama, Fantasy",8.1,38803,23530892.0,2012
"Biography, Drama, History",8.1,435928,67209615.0,2016
"Animation, Adventure, Comedy",8.1,616228,356461711.0,2015
"Comedy, Drama, Romance",8.1,75721,2804874.0,2012
"Biography, Drama, History",8.1,640533,56671993.0,2013
"Action, Biography, Drama",8.1,432811,26947624.0,2013
"Action, Biography, Drama",8.1,291289,117624028.0,2019
"Biography, Crime, Drama",8.1,420316,45055776.0,2015
"Animation, Adventure, Drama",8.1,51679,857524.0,2014
"Mystery, Thriller",8.1,57806,1035953.0,2012
"Comedy, Drama",8.1,67927,3108485.0,2011
"Crime, Drama, Mystery",8.1,601149,61002302.0,2013
"Action, Adventure, Sci-Fi",8.1,882316,154058340.0,2015
"Action, Crime, Drama",8.1,73891,23530892.0,2008
Drama,8.1,720450,148095302.0,2008
"Adventure, Drama, Fantasy",8.1,764493,381011219.0,2011
"Drama, Music",8.1,48582,1498210.0,2008
"Biography, Drama, Family",8.1,253575,23530892.0,2009
"Animation, Comedy, Drama",8.1,164462,23530892.0,2009
"Animation, Action, Adventure",8.1,666773,217581231.0,2010
"Adventure, Biography, Drama",8.1,572921,18354356.0,2007
"Crime, Drama, Thriller",8.1,856916,74283625.0,2007
"Comedy, Drama, Romance",8.1,43137,2217561.0,2006
"Drama, Sport",8.1,635975,100492203.0,2004
"Biography, Drama, History",8.1,334320,23530892.0,2004
"Action, Drama, War",8.1,37820,1111061.0,2004
"Drama, Romance",8.1,236311,5820649.0,2004
"Comedy, Drama, Musical",8.1,73992,23530892.0,2003
"Crime, Drama, Mystery",8.1,139558,14131.0,2003
"Comedy, Drama, Romance",8.1,66803,300000.0,2001
"Action, Crime, Drama",8.1,1000639,70099045.0,2003
"Animation, Adventure, Comedy",8.1,949565,380843261.0,2003
"Biography, Crime, Drama",8.1,832846,164615351.0,2002
"Drama, Thriller",8.1,223741,5383834.0,2000
"Animation, Adventure, Comedy",8.1,815505,289916256.0,2001
"Animation, Action, Drama",8.1,38847,23530892.0,1997
"Adventure, Drama, Musical",8.1,105036,70147.0,2001
"Drama, Mystery, Thriller",8.1,911573,293506292.0,1999
"Drama, Music, Romance",8.1,59020,259127.0,1998
"Comedy, Drama",8.1,939631,125618201.0,1998
"Comedy, Crime, Romance",8.1,50862,348660.0,1998
"Comedy, Crime, Sport",8.1,732620,17498804.0,1998
"Drama, Romance",8.1,124383,2734044.0,2000
Drama,8.1,634716,16501785.0,1996
"Crime, Drama, Thriller",8.1,617444,24611975.0,1996
"Comedy, Drama, War",8.1,55220,171082.0,1995
"Crime, Drama",8.1,150345,309811.0,1995
"Drama, Romance",8.1,63516,23530892.0,1995
"Drama, Romance",8.1,272291,5535405.0,1995
"Drama, Mystery, Romance",8.1,90729,4043686.0,1994
"Comedy, Crime, Drama",8.1,63122,600200.0,1994
"Action, Adventure, Sci-Fi",8.1,867615,402453882.0,1993
"Biography, Crime, Drama",8.1,156842,25010410.0,1993
"Drama, Music, Romance",8.1,25088,5216888.0,1993
"Drama, History, Romance",8.1,29662,2603061.0,1991
"Comedy, Drama",8.1,425457,95860116.0,1989
"Adventure, Drama",8.1,363401,52287414.0,1986
"Drama, War",8.1,381222,138530565.0,1986
Drama,8.1,91188,2181987.0,1984
"Animation, Adventure, Fantasy",8.1,150924,495770.0,1984
"Horror, Mystery, Sci-Fi",8.1,371271,13782838.0,1982
"Drama, Fantasy, Music",8.1,76081,22244207.0,1982
"Adventure, Drama",8.1,31595,23530892.0,1982
Drama,8.1,57784,4971340.0,1982
"Action, Sci-Fi, Thriller",8.1,693827,32868943.0,1982
"Biography, Drama",8.1,220078,23530892.0,1980
Comedy,8.1,367250,20045115.0,1979
"Drama, War",8.1,311361,48979328.0,1978
"Drama, Sport",8.1,518546,117235247.0,1976
Drama,8.1,144911,23530892.0,1976
"Adventure, Drama, History",8.1,149843,23530892.0,1975
"Biography, Drama",8.1,40081,177345.0,1975
"Drama, Mystery, Thriller",8.1,294230,29000000.0,1974
"Comedy, Crime, Drama",8.1,42285,30933743.0,1973
Drama,8.1,30206,1742348.0,1972
"Drama, Mystery, Sci-Fi",8.1,81021,23530892.0,1972
"Crime, Drama, Mystery",8.1,45434,39481.0,1967
"Crime, Drama",8.1,161984,16217773.0,1967
"Drama, Thriller",8.1,103191,23530892.0,1966
"Biography, Drama, History",8.1,46947,102021.0,1966
"Drama, War",8.1,53089,55908.0,1966
"Drama, Fantasy",8.1,29682,23530892.0,1962
"Drama, Horror, Thriller",8.1,50058,4050000.0,1962
"Action, Comedy, Crime",8.1,33044,23530892.0,1962
"Drama, Western",8.1,68827,23530892.0,1962
"Drama, War",8.1,31728,23530892.0,1962
Drama,8.1,26697,1526000.0,1960
"Biography, Drama, History",8.1,27254,23530892.0,1960
"Crime, Drama",8.1,105291,23530892.0,1959
"Adventure, Drama, History",8.1,219466,74700000.0,1959
"Adventure, Drama",8.1,34797,23530892.0,1958
Drama,8.1,42940,752045.0,1957
"Drama, History",8.1,46678,23530892.0,1957
"Adventure, Drama, War",8.1,203463,44908000.0,1957
"Crime, Drama, Thriller",8.1,142107,9600000.0,1954
"Adventure, Drama, Thriller",8.1,54588,23530892.0,1953
"Drama, Film-Noir",8.1,31568,3969893.0,1951
"Action, Crime, Drama",8.1,29807,23530892.0,1949
"Film-Noir, Mystery, Thriller",8.1,158731,449191.0,1949
"Drama, Music, Romance",8.1,30935,10900000.0,1948
"Comedy, Drama, Romance",8.1,28450,203300.0,1940
"Drama, Mystery, Romance",8.1,123942,4360000.0,1940
"Comedy, Drama",8.1,107017,9600000.0,1939
"Drama, History, Romance",8.1,290074,198676459.0,1939
"Drama, War",8.1,33829,172885.0,1937
"Comedy, Romance",8.1,94016,4360000.0,1934
"Biography, Drama, History",8.1,47676,21877.0,1928
"Comedy, Romance",8.1,30205,23530892.0,1928
"Drama, Romance",8.1,46865,539540.0,1927
"Action, Adventure, Comedy",8.1,81156,1033895.0,1926
"Fantasy, Horror, Mystery",8.1,57428,23530892.0,1920
"Comedy, Drama",8.0,27978,23530892.0,2018
"Adventure, Biography, Drama",8.0,37556,23530892.0,2019
"Drama, History",8.0,52897,23530892.0,2016
"Action, Adventure, Comedy",8.0,72245,8178001.0,2015
"Action, Crime, Thriller",8.0,52848,23530892.0,2015
"Comedy, Drama, Music",8.0,505918,151101803.0,2016
"Biography, Drama",8.0,213970,51739495.0,2016
"Adventure, Drama, Sci-Fi",8.0,760094,228433663.0,2015
"Animation, Adventure, Comedy",8.0,434143,341268248.0,2016
"Action, Drama",8.0,102972,6738000.0,2015
"Animation, Adventure, Drama",8.0,38746,1506975.0,2013
"Drama, Family",8.0,141923,132422809.0,2017
"Drama, Music, Romance",8.0,31886,5566534.0,2019
"Crime, Drama, Thriller",8.0,51069,1079369.0,2013
Drama,8.0,81770,1010414.0,2013
"Action, Crime, Thriller",8.0,114316,2625803.0,2014
"Biography, Drama, Thriller",8.0,685201,91125683.0,2014
"Action, Adventure, Comedy",8.0,1043455,333176600.0,2014
"Action, Drama, Mystery",8.0,461823,92054159.0,2017
"Drama, Romance, Sci-Fi",8.0,540772,25568251.0,2013
"Biography, Drama, Music",8.0,450349,216428042.0,2018
"Action, Adventure, Drama",8.0,705589,183637894.0,2015
"Drama, Romance",8.0,462252,17738570.0,2012
"Action, Crime, Drama",8.0,79200,100119.0,2010
"Biography, Drama, History",8.0,639603,138797449.0,2010
Drama,8.0,428521,169708112.0,2011
"Action, Adventure, Comedy",8.0,902669,363070709.0,2016
"Drama, Mystery",8.0,45803,106662.0,2009
"Drama, Romance",8.0,28749,10950.0,2009
"Action, Biography, Drama",8.0,211427,23530892.0,2008
Drama,8.0,98575,4018695.0,2010
"Action, Drama, Thriller",8.0,31838,23530892.0,2009
"Drama, Romance",8.0,798882,141319928.0,2008
"Drama, Thriller",8.0,699673,106954678.0,2010
"Action, Crime, Drama",8.0,98097,8060.0,2007
"Action, Adventure, Sci-Fi",8.0,1260806,623279547.0,2012
"Animation, Biography, Drama",8.0,88656,4445756.0,2007
"Biography, Drama",8.0,441614,27298285.0,2013
"Biography, Drama",8.0,448930,163566459.0,2006
"Adventure, Drama, Thriller",8.0,499439,57366262.0,2006
"Action, Mystery, Thriller",8.0,604694,227471070.0,2007
"Crime, Drama, Romance",8.0,50610,238507.0,2004
"Crime, Thriller",8.0,738512,74103820.0,2005
"Biography, Drama",8.0,103284,5990075.0,2007
"Adventure, Comedy, Sci-Fi",8.0,56960,23530892.0,2004
"Animation, Adventure, Comedy",8.0,641645,206445654.0,2007
"Action, Adventure, Thriller",8.0,582239,167445960.0,2006
"Action, Crime, Thriller",8.0,683900,66208183.0,2004
Drama,8.0,42399,502028.0,2003
"Drama, Romance",8.0,77520,2380788.0,2003
"Biography, Drama",8.0,77554,2086345.0,2014
"Biography, Drama, History",8.0,176151,61649911.0,2005
"Comedy, Drama, Musical",8.0,63460,1787378.0,2003
"Action, Crime, Drama",8.0,117857,169659.0,2002
"Action, Adventure, Fantasy",8.0,1015122,305413918.0,2003
"Adventure, Drama, Fantasy",8.0,415218,66257002.0,2003
"Animation, Action, Adventure",8.0,657047,261441092.0,2004
"Comedy, Drama, Romance",8.0,45403,23530892.0,2001
"Crime, Drama",8.0,137963,1530386.0,2003
"Comedy, Drama",8.0,33592,23530892.0,2001
"Drama, Mystery, Sci-Fi",8.0,740086,1480006.0,2001
Drama,8.0,289742,22455976.0,1999
"Crime, Drama, Musical",8.0,102285,4184036.0,2000
"Biography, Drama",8.0,82002,6203044.0,1999
"Animation, Crime, Mystery",8.0,58192,776665.0,1997
Drama,8.0,78341,1647780.0,1998
Drama,8.0,36419,5595428.0,1998
"Animation, Action, Adventure",8.0,172083,23159305.0,1999
"Action, Crime, Comedy",8.0,27721,3296.0,1997
Drama,8.0,86838,24475416.0,1996
"Comedy, Drama",8.0,37564,13417292.0,1996
"Mystery, Sci-Fi, Thriller",8.0,578443,57141459.0,1995
"Animation, Action, Crime",8.0,129231,515905.0,1995
"Animation, Family, Fantasy",8.0,300208,75082668.0,1993
"Comedy, Fantasy, Romance",8.0,577991,70906973.0,1993
"Crime, Drama",8.0,28825,4496583.0,1993
Drama,8.0,263918,63895607.0,1992
"Animation, Adventure, Comedy",8.0,373845,217350219.0,1992
"Drama, History, Thriller",8.0,142110,70405498.0,1991
"Animation, Family, Fantasy",8.0,417178,218967620.0,1991
"Adventure, Drama, Western",8.0,240266,184208848.0,1990
"Comedy, Drama",8.0,89429,27545445.0,1989
Drama,8.0,473064,178800000.0,1988
"Animation, Action, Sci-Fi",8.0,164918,553171.0,1988
"Adventure, Family, Fantasy",8.0,393899,30857814.0,1987
"Drama, Fantasy, Romance",8.0,64722,3333969.0,1987
"Drama, War",8.0,31163,4542825.0,1987
"Animation, Adventure, Drama",8.0,150140,23530892.0,1986
"Action, Sci-Fi",8.0,799795,38400000.0,1984
"Biography, Drama, History",8.0,217664,52767889.0,1982
"Drama, History, War",8.0,32195,23530892.0,1980
"Comedy, Drama",8.0,65625,30177511.0,1979
"Comedy, Romance",8.0,251823,39200000.0,1977
"Adventure, Thriller",8.0,543388,260000000.0,1975
"Biography, Crime, Drama",8.0,235652,50000000.0,1975
Comedy,8.0,143359,86300000.0,1974
"Biography, Crime, Drama",8.0,121627,53267000.0,1973
Horror,8.0,362393,232906145.0,1973
"Mystery, Thriller",8.0,44748,4081254.0,1972
"Drama, Romance",8.0,42456,29133000.0,1971
"Drama, Family, Musical",8.0,39491,80500000.0,1971
Drama,8.0,27067,541940.0,1970
"Biography, Crime, Drama",8.0,201888,102308889.0,1969
"Drama, Horror",8.0,193674,23530892.0,1968
"Adventure, Sci-Fi",8.0,165167,33395426.0,1968
"Comedy, Drama, Romance",8.0,253676,104945305.0,1967
Drama,8.0,68926,23530892.0,1966
"Biography, Drama, Family",8.0,205425,163214286.0,1965
"Drama, Romance, War",8.0,69903,111722000.0,1965
"Action, Drama, Western",8.0,198219,14500000.0,1964
Drama,8.0,108844,50690.0,1963
Drama,8.0,28057,23530892.0,1962
"Drama, Sport",8.0,75067,8284000.0,1961
"Comedy, Drama",8.0,66621,19516000.0,1960
"Action, Drama, Western",8.0,56305,12535000.0,1959
"Crime, Drama, Mystery",8.0,59847,11900000.0,1959
"Crime, Drama, Film-Noir",8.0,98431,2237659.0,1958
Drama,8.0,45062,17570324.0,1958
"Drama, Film-Noir",8.0,28137,23530892.0,1957
"Crime, Drama, Film-Noir",8.0,81702,23530892.0,1956
"Crime, Drama, Film-Noir",8.0,81980,654000.0,1955
Drama,8.0,58314,23530892.0,1954
"Crime, Drama, Horror",8.0,61503,23530892.0,1955
"Comedy, Drama, War",8.0,51046,23530892.0,1953
"Comedy, Romance",8.0,127256,23530892.0,1953
Drama,8.0,99182,8000000.0,1951
"Drama, Film-Noir, Mystery",8.0,26784,23530892.0,1950
"Comedy, Crime",8.0,34485,23530892.0,1949
"Crime, Drama, Mystery",8.0,129783,23530892.0,1948
"Crime, Drama, Film-Noir",8.0,32784,23530892.0,1947
"Drama, Romance",8.0,35601,23530892.0,1945
"Drama, Film-Noir, Mystery",8.0,42725,4360000.0,1944
"Drama, Romance, War",8.0,57259,23650000.0,1946
"Comedy, Crime, Thriller",8.0,65101,23530892.0,1942
"Film-Noir, Mystery",8.0,148928,2108060.0,1941
"Drama, History",8.0,85559,55000.0,1940
"Adventure, Family, Fantasy",8.0,371379,2076020.0,1939
"Comedy, Drama",8.0,26725,23530892.0,1939
"Comedy, Crime, Mystery",8.0,26642,23530892.0,1934
"Drama, War",8.0,57318,3270000.0,1930
"Drama, History, Thriller",8.0,53054,50970.0,1925
"Comedy, Crime, Drama",7.9,454203,165359751.0,2019
"Comedy, Drama, Romance",7.9,111478,23530892.0,2020
"Crime, Drama",7.9,62754,3313513.0,2018
"Comedy, Drama, Romance",7.9,246644,2000000.0,2019
"Drama, Romance",7.9,212651,18095701.0,2017
Drama,7.9,53818,258168.0,2016
"Animation, Adventure, Comedy",7.9,139114,32015231.0,2018
"Adventure, Comedy, Drama",7.9,111483,5202582.0,2016
"Comedy, Drama",7.9,189400,5875006.0,2016
"Comedy, Drama, Music",7.9,85109,3237118.0,2016
"Action, Adventure, Comedy",7.9,587775,315058289.0,2017
"Crime, Drama, Thriller",7.9,466134,32381218.0,2014
"Comedy, Drama, War",7.9,297918,349555.0,2019
"Drama, Sci-Fi",7.9,594181,100546139.0,2016
"Action, Adventure, Sci-Fi",7.9,860823,936662225.0,2015
"Drama, Romance",7.9,141457,8114627.0,2013
"Action, Adventure, Sci-Fi",7.9,659763,233921534.0,2014
"Crime, Drama",7.9,41995,138730.0,2011
"Comedy, Drama, Romance",7.9,230624,44671682.0,2011
"Action, Adventure, Sci-Fi",7.9,600004,100206256.0,2014
"Drama, Romance",7.9,93090,6739492.0,2012
"Biography, Crime, Drama",7.9,324720,7000000.0,2019
"Crime, Drama",7.9,93560,2084637.0,2009
"Drama, Mystery, Sci-Fi",7.9,335152,5009677.0,2009
"Crime, Drama, Fantasy",7.9,205609,2122065.0,2008
"Action, Sci-Fi, Thriller",7.9,638202,115646235.0,2009
"Drama, Sport",7.9,289415,26236603.0,2008
"Comedy, Drama, Romance",7.9,47720,410800.0,2007
Drama,7.9,335533,25379975.0,2014
Drama,7.9,56625,1185783.0,2007
"Action, Adventure, Sci-Fi",7.9,577336,257730019.0,2009
"Comedy, Crime, Drama",7.9,390334,7757130.0,2008
"Drama, Fantasy, Mystery",7.9,174125,23530892.0,2007
"Action, Adventure, Drama",7.9,154011,13756082.0,2006
"Adventure, Drama, Fantasy",7.9,107290,2280348.0,2006
"Adventure, Drama, Fantasy",7.9,580708,124987023.0,2012
"Animation, Adventure, Comedy",7.9,199696,21002919.0,2009
"Comedy, Drama",7.9,31476,23530892.0,2005
"Drama, Music",7.9,57430,3635164.0,2004
"Action, Adventure, Sci-Fi",7.9,939644,318412101.0,2008
"Comedy, Horror",7.9,512249,13542874.0,2004
"Drama, Romance",7.9,51325,23530892.0,2004
"Crime, Drama, Mystery",7.9,419420,90135191.0,2003
"Adventure, Family, Fantasy",7.9,552493,249358727.0,2004
"Action, Adventure, History",7.9,173999,53710019.0,2002
"Drama, Mystery, Romance",7.9,104691,9284265.0,2002
"Comedy, Drama, War",7.9,44618,1059830.0,2001
"Animation, Action, Crime",7.9,42897,1000045.0,2001
"Action, Mystery, Thriller",7.9,508771,121661683.0,2002
"Crime, Drama, Thriller",7.9,49721,1221261.0,2000
"Adventure, Drama, Sci-Fi",7.9,465113,35552383.0,2006
"Adventure, Comedy, Drama",7.9,252586,32534850.0,2000
"Drama, Mystery, Thriller",7.9,322031,7220243.0,2001
"Animation, Adventure, Comedy",7.9,527512,245852179.0,1999
Drama,7.9,239473,26400640.0,1997
"Animation, Drama, Family",7.9,51943,23530892.0,1995
"Crime, Drama",7.9,31590,2201126.0,1994
"Crime, Drama, Romance",7.9,206918,12281500.0,1993
"Drama, Music, Mystery",7.9,89836,1324974.0,1993
"Animation, Action, Adventure",7.9,34529,23530892.0,1993
"Crime, Drama, Thriller",7.9,201000,36948322.0,1993
"Drama, Fantasy, Romance",7.9,447368,56362352.0,1990
"Biography, Drama",7.9,68076,14743391.0,1989
"Comedy, Drama",7.9,54670,18254702.0,1989
"Crime, Drama, Thriller",7.9,281842,76270454.0,1987
"Comedy, Drama",7.9,67176,40084041.0,1986
"Drama, Sci-Fi",7.9,187567,9929135.0,1985
"Comedy, Music",7.9,128812,188751.0,1984
"Comedy, Family",7.9,132947,20605209.0,1983
"Action, Adventure, Comedy",7.9,183182,57229890.0,1980
"Comedy, Drama, Romance",7.9,131436,45700000.0,1979
"Drama, Music, Musical",7.9,28223,37823676.0,1979
"Action, Adventure, Horror",7.9,111512,5100000.0,1978
"Biography, Drama, History",7.9,103031,70600000.0,1976
"Adventure, Drama, Fantasy",7.9,37183,61001.0,1973
"Comedy, Drama, Family",7.9,39897,23530892.0,1973
Comedy,7.9,38737,198809.0,1972
"Action, Adventure, Biography",7.9,52397,23530892.0,1972
"Comedy, Drama, Romance",7.9,70826,23530892.0,1971
"Biography, Drama, War",7.9,93741,61700000.0,1970
"Action, Adventure, Western",7.9,77401,12064472.0,1969
"Horror, Thriller",7.9,116557,89029.0,1968
"Biography, Drama, History",7.9,29003,22276975.0,1968
"Crime, Drama, Mystery",7.9,67804,24379978.0,1967
"Comedy, Mystery, Romance",7.9,68689,13474588.0,1963
"Drama, Thriller",7.9,71122,23530892.0,1962
"Adventure, Biography, Drama",7.9,124339,30000000.0,1960
"Drama, Mystery",7.9,26542,23530892.0,1960
"Drama, Romance",7.9,28421,88300.0,1959
"Adventure, Drama",7.9,63560,93740000.0,1956
"Adventure, Drama, Western",7.9,80316,23530892.0,1956
Drama,7.9,40313,23530892.0,1955
"Drama, Thriller, Western",7.9,97222,9450000.0,1952
"Crime, Film-Noir, Thriller",7.9,123341,7630000.0,1951
"Comedy, Drama, Fantasy",7.9,52573,23530892.0,1950
"Comedy, Drama, Family",7.9,41625,2650000.0,1947
"Drama, Film-Noir, Romance",7.9,92306,10464000.0,1946
"Crime, Film-Noir, Mystery",7.9,78796,6540000.0,1946
"Drama, Film-Noir",7.9,33549,9460000.0,1945
"Comedy, Romance",7.9,63550,23530892.0,1940
"Comedy, Drama, Romance",7.9,53667,296000.0,1940
"Action, Adventure, Romance",7.9,47175,3981000.0,1938
"Comedy, Music, Musical",7.9,30580,2537520.0,1935
"Adventure, Horror, Sci-Fi",7.9,78991,10000000.0,1933
"Drama, Horror",7.9,42117,23530892.0,1932
"Fantasy, Horror",7.9,88794,23530892.0,1922
"Action, Comedy, Crime",7.8,237392,23530892.0,2019
"Action, Drama, Thriller",7.8,25344,23530892.0,2018
"Drama, Music",7.8,27187,23530892.0,2019
Drama,7.8,51240,2402067.0,2016
"Action, Drama, History",7.8,555092,188373161.0,2017
"Comedy, Drama",7.8,57168,23530892.0,2016
"Biography, Drama, History",7.8,200876,169607287.0,2016
"Adventure, Comedy, Family",7.8,61594,40442052.0,2017
"Action, Crime, Drama",7.8,27175,23530892.0,2016
"Animation, Action, Adventure",7.8,118035,48023088.0,2016
"Biography, Drama, Sport",7.8,40416,1782795.0,2016
Drama,7.8,246963,47695120.0,2016
"Drama, History, War",7.8,35539,435266.0,2015
"Action, Adventure, Sci-Fi",7.8,556608,532177324.0,2016
"Action, Adventure, Sci-Fi",7.8,663649,408084349.0,2016
"Crime, Drama, Mystery",7.8,517059,54117416.0,2015
"Drama, Romance",7.8,143250,108101214.0,2019
"Animation, Biography, Crime",7.8,50778,6735118.0,2017
"Biography, Comedy, Drama",7.8,51841,23530892.0,2014
"Drama, Mystery",7.8,45002,1330596.0,2013
Drama,7.8,81125,2852400.0,2013
"Drama, Romance",7.8,50523,4231500.0,2013
"Comedy, Romance",7.8,39710,169209.0,2012
"Animation, Action, Adventure",7.8,410983,222527828.0,2014
"Comedy, Drama, Fantasy",7.8,303032,15322921.0,2013
"Comedy, Drama, Family",7.8,33618,1670773.0,2012
"Animation, Biography, Drama",7.8,73690,5209580.0,2013
"Animation, Adventure, Comedy",7.8,203177,434038008.0,2019
"Crime, Drama, Mystery",7.8,108399,85433.0,2013
"Comedy, Drama, Romance",7.8,318789,45512466.0,2012
"Animation, Action, Adventure",7.8,305611,177002924.0,2014
"Biography, Comedy, Drama",7.8,362942,70259870.0,2015
"Drama, Thriller",7.8,35713,23530892.0,2010
"Action, Crime, Drama",7.8,111252,128392.0,2010
"Crime, Drama, Mystery",7.8,423010,102515793.0,2011
"Adventure, Biography, Crime",7.8,421244,107100855.0,2013
"Action, Crime, Drama",7.8,62848,6460.0,2010
"Biography, Drama, History",7.8,179264,161197785.0,2015
"Crime, Drama, Mystery",7.8,52758,547292.0,2009
"Action, Crime, Thriller",7.8,58468,23530892.0,2008
"Adventure, Fantasy",7.8,601408,258366855.0,2013
"Drama, History, Mystery",7.8,68715,2222647.0,2009
"Crime, Drama, Mystery",7.8,208994,10095170.0,2009
"Drama, History, Thriller",7.8,89896,23530892.0,2020
"Comedy, Drama",7.8,33931,23530892.0,2020
"Biography, Drama, Sport",7.8,340584,93617009.0,2010
"Action, Thriller",7.8,564791,145000989.0,2008
"Drama, History, War",7.8,190748,9030581.0,2008
"Drama, Music, Romance",7.8,110656,9439923.0,2007
"Adventure, Fantasy",7.8,757377,303003568.0,2012
Drama,7.8,30827,741283.0,2007
"Drama, Mystery, Romance",7.8,251370,50927067.0,2007
"Crime, Drama",7.8,571571,35061555.0,2011
"Biography, Crime, Drama",7.8,392449,130164645.0,2007
"Action, Adventure, Fantasy",7.8,1118998,760507625.0,2009
"Drama, Fantasy, Romance",7.8,216421,3600.0,2009
"Action, Adventure, Drama",7.8,291018,50866635.0,2006
"Comedy, Drama",7.8,439856,59891098.0,2006
"Action, Comedy, Mystery",7.8,463466,23637265.0,2007
"Drama, Fantasy, Romance",7.8,589160,127509326.0,2008
"Drama, Family, Musical",7.8,49050,2921738.0,2004
"Comedy, Crime, Drama",7.8,45717,1305.0,2005
"Drama, Romance",7.8,258924,38405088.0,2005
"Biography, Drama, Sport",7.8,51980,5128124.0,2005
"Animation, Adventure, Comedy",7.8,31658,128985.0,2003
"Action, Adventure, Sci-Fi",7.8,283310,25514517.0,2005
"Biography, Drama, Music",7.8,234207,119519402.0,2005
Drama,7.8,35682,15280.0,2003
"Drama, Romance",7.8,520284,81001787.0,2004
"Adventure, Biography, Drama",7.8,96703,16756372.0,2004
"Crime, Drama",7.8,42673,181655.0,2002
"Animation, Comedy, Drama",7.8,50622,7002255.0,2003
"Action, Drama, Thriller",7.8,26518,23530892.0,2000
"Action, Adventure, Drama",7.8,129022,54234062.0,2002
"Animation, Drama, Fantasy",7.8,60684,2892011.0,2001
"Biography, Drama, Sport",7.8,198089,115654751.0,2000
"Action, Adventure, Fantasy",7.8,253228,128078872.0,2000
Drama,7.8,89058,8264530.0,1999
"Adventure, Drama, Romance",7.8,524235,233632142.0,2000
"Action, Crime, Thriller",7.8,227143,25812.0,1999
"Biography, Drama, Thriller",7.8,159886,28965197.0,1999
"Biography, Drama, Family",7.8,82855,32481825.0,1999
"Animation, Adventure, Comedy",7.8,613941,267665011.0,2001
"Drama, Romance",7.8,1046089,659325379.0,1997
"Crime, Drama, Romance",7.8,27712,233986.0,1997
"Drama, Sci-Fi, Thriller",7.8,280845,12339633.0,1997
"Action, Drama, Mystery",7.8,345096,48323648.0,1997
Drama,7.8,62428,4040691.0,1996
"Biography, Comedy, Drama",7.8,164937,5887457.0,1994
Drama,7.8,215034,9170214.0,1993
"Action, Biography, Drama",7.8,126871,56505065.0,1993
"Comedy, Drama, Family",7.8,78963,32416586.0,1993
"Drama, Romance",7.8,66065,22954968.0,1993
"Comedy, Drama",7.8,34635,1769305.0,1993
"Action, Crime, Drama",7.8,267684,183875760.0,1993
"Crime, Drama, Romance",7.8,128171,17266971.0,1993
"Animation, Action, Crime",7.8,43690,5617391.0,1993
"Action, Crime, Thriller",7.8,46700,23530892.0,1992
"Comedy, Drama",7.8,55362,2015810.0,1991
"Drama, Fantasy, Music",7.8,42376,1999955.0,1991
"Crime, Drama",7.8,126082,57504069.0,1991
"Drama, Thriller",7.8,184740,61276872.0,1990
"Biography, Drama",7.8,125276,52096475.0,1990
"Animation, Adventure, Drama",7.8,124193,23530892.0,1989
"Biography, Drama, History",7.8,122779,26830000.0,1989
"Action, Crime, Drama",7.8,45624,23530892.0,1989
"Adventure, Comedy, Sci-Fi",7.8,481918,118500000.0,1989
"Crime, Drama, History",7.8,88214,34603943.0,1988
"Action, Adventure, Sci-Fi",7.8,371387,59735548.0,1987
"Action, Comedy, Fantasy",7.8,148359,5923044.0,1987
Comedy,7.8,321382,70136369.0,1986
"Comedy, Crime, Drama",7.8,47834,1436000.0,1986
"Adventure, Comedy, Family",7.8,244430,61503218.0,1985
Drama,7.8,78321,98467863.0,1985
"Comedy, Drama",7.8,357026,45875171.0,1985
"Biography, Drama, History",7.8,51585,34700291.0,1984
"Action, Comedy, Fantasy",7.8,355413,238632124.0,1984
"Adventure, Biography, Drama",7.8,56235,21500000.0,1983
"Comedy, Crime, Drama",7.8,88511,2500000.0,1982
"Family, Sci-Fi",7.8,372490,435110554.0,1982
Drama,7.8,133351,106260000.0,1979
"Drama, Romance",7.8,52852,23530892.0,1978
Western,7.8,65659,31800000.0,1976
"Adventure, History, War",7.8,44917,23530892.0,1975
"Drama, Mystery, Thriller",7.8,98611,4420000.0,1974
"Animation, Sci-Fi",7.8,25229,193817.0,1973
"Crime, Drama, Thriller",7.8,37445,16056255.0,1973
"Action, Crime, Drama",7.8,66009,23530892.0,1973
"Drama, Music, Musical",7.8,48334,42765000.0,1972
"Family, Fantasy, Musical",7.8,178731,4000000.0,1971
Drama,7.8,101124,44785053.0,1969
Thriller,7.8,27733,17550741.0,1967
"Comedy, Drama",7.8,39642,56700000.0,1967
"Action, Biography, Crime",7.8,102415,23530892.0,1967
"Drama, Family, Musical",7.8,86525,72000000.0,1964
"Comedy, Family, Fantasy",7.8,158029,102272727.0,1964
"Action, Drama, History",7.8,52141,39100000.0,1962
"Drama, Romance",7.8,37605,23530892.0,1962
Horror,7.8,27007,2616000.0,1961
"Crime, Drama",7.8,73251,336705.0,1960
"Action, Adventure, Drama",7.8,28167,23530892.0,1948
"Action, Crime, Drama",7.8,36995,23530892.0,1948
"Adventure, Comedy, Film-Noir",7.8,31053,23530892.0,1944
"Film-Noir, Thriller",7.8,59556,23530892.0,1943
"Adventure, Drama, Western",7.8,43621,23530892.0,1939
"Mystery, Thriller",7.8,47400,23530892.0,1938
"Comedy, Family, Romance",7.8,55163,23530892.0,1938
"Drama, Horror, Sci-Fi",7.8,43542,4360000.0,1935
"Comedy, Musical, War",7.8,55581,23530892.0,1933
"Action, Crime, Drama",7.8,25312,23530892.0,1932
"Drama, Horror, Sci-Fi",7.8,65341,23530892.0,1931
Drama,7.7,140375,23530892.0,2018
"Drama, Romance",7.7,25198,335609.0,2017
"Action, Adventure, Comedy",7.7,478586,324591735.0,2018
"Crime, Drama, Mystery",7.7,205444,33800859.0,2017
"Horror, Mystery, Thriller",7.7,492851,176040665.0,2017
"Action, Adventure, Thriller",7.7,291257,220159104.0,2018
"Comedy, Drama, Romance",7.7,47444,3358518.0,2015
"Comedy, Horror",7.7,157498,3333000.0,2014
"Animation, Drama, Family",7.7,32798,765127.0,2014
"Biography, Drama, Romance",7.7,404182,35893537.0,2014
"Action, Adventure, Comedy",7.7,590440,128261724.0,2014
"Drama, Romance",7.7,344312,124872350.0,2014
"Comedy, Drama",7.7,123210,6743776.0,2015
"Comedy, Drama",7.7,580291,42340598.0,2014
"Drama, Romance",7.7,138741,2199675.0,2013
"Drama, Sport",7.7,32628,1122527.0,2013
"Drama, Music, Romance",7.7,39379,175058.0,2012
"Action, Adventure, Sci-Fi",7.7,736182,259766572.0,2014
"Drama, Music, Musical",7.7,39501,985912.0,2011
"Adventure, Comedy, Drama",7.7,112298,17654912.0,2013
"Animation, Adventure, Comedy",7.7,380195,189422889.0,2012
"Animation, Adventure, Drama",7.7,56720,1339152.0,2015
Drama,7.7,77071,71177.0,2011
"Comedy, Fantasy, Romance",7.7,388089,56816662.0,2011
"Animation, Action, Adventure",7.7,323982,257760692.0,2014
"Drama, Sci-Fi, Thriller",7.7,769145,274092705.0,2013
"Action, Adventure, Sci-Fi",7.7,463188,228778661.0,2013
"Drama, War",7.7,73964,83861.0,2015
"Biography, Drama",7.7,624982,96962694.0,2010
"Action, Adventure, Sci-Fi",7.7,645512,146408305.0,2011
Comedy,7.7,717559,277322503.0,2009
"Action, Adventure, Thriller",7.7,630614,304360277.0,2012
"Comedy, Drama, Romance",7.7,661871,132092958.0,2012
"Biography, Drama, Thriller",7.7,572581,136025503.0,2012
"Comedy, Drama, Romance",7.7,472242,32391374.0,2009
"Adventure, Family, Fantasy",7.7,479120,295983305.0,2010
"Animation, Adventure, Comedy",7.7,125317,15090400.0,2008
"Biography, Drama, History",7.7,103330,18593156.0,2008
"Animation, Drama, Fantasy",7.7,71379,881302.0,2006
"Biography, Crime, Drama",7.7,239203,35739802.0,2008
"Comedy, Drama, Romance",7.7,81446,1752214.0,2010
"Animation, Adventure, Comedy",7.7,60368,23530892.0,2006
"Crime, Drama, Fantasy",7.7,28630,23530892.0,2006
"Crime, Drama",7.7,115576,327919.0,2006
"Drama, Sci-Fi, Thriller",7.7,474141,25442958.0,2014
Drama,7.7,32001,412544.0,2006
"Biography, Drama, History",7.7,175355,17605861.0,2006
"Crime, Drama, Mystery",7.7,466080,33080084.0,2007
"Action, Crime, Drama",7.7,299524,22494487.0,2006
"Drama, History, Music",7.7,28003,1054361.0,2005
"Biography, Drama, Music",7.7,61609,871577.0,2007
"Animation, Adventure, Comedy",7.7,405922,200821936.0,2010
"Drama, Thriller, War",7.7,72643,4398392.0,2006
"Drama, Romance",7.7,323103,83043761.0,2005
"Action, Crime, Drama",7.7,288797,53606916.0,2007
"Crime, Drama, Thriller",7.7,419483,54580300.0,2004
"Action, Comedy, Fantasy",7.7,127250,17108591.0,2004
"Action, Mystery, Thriller",7.7,434841,176241941.0,2004
"Drama, Thriller",7.7,358432,1082715.0,2004
"Biography, Drama, Music",7.7,138356,75331600.0,2004
"Comedy, Drama",7.7,415074,44585453.0,2003
"Adventure, Family, Fantasy",7.7,548619,290013036.0,2005
"Action, Crime, Drama",7.7,329592,77911774.0,2004
"Animation, Drama, Family",7.7,197761,75286229.0,2009
"Action, Drama",7.7,400049,111110575.0,2003
Drama,7.7,25938,4890878.0,2002
"Comedy, Drama, Romance",7.7,137981,4064200.0,2003
Drama,7.7,40403,15539266.0,2002
Drama,7.7,142863,40311852.0,2001
"Comedy, Drama",7.7,178565,22245861.0,2002
"Drama, History, War",7.7,364254,108638745.0,2001
"Crime, Drama, Thriller",7.7,246840,104454762.0,2002
"Drama, Thriller",7.7,90842,141072.0,2001
"Drama, Music",7.7,126770,21995263.0,2000
"Comedy, Drama, Music",7.7,31957,3029081.0,2001
"Crime, Thriller",7.7,516372,183417150.0,2001
"Animation, Action, Fantasy",7.7,29210,151086.0,2000
"Adventure, Comedy, Crime",7.7,286742,45512588.0,2000
"Adventure, Comedy, Drama",7.7,29999,23530892.0,2002
"Animation, Comedy, Fantasy",7.7,192112,52037603.0,1999
Comedy,7.7,241575,10824921.0,1999
"Comedy, Drama",7.7,66408,2807390.0,1998
"Crime, Drama, Thriller",7.7,390247,76631907.0,2001
"Comedy, Drama, Romance",7.7,169229,17105219.0,1998
"Drama, Mystery, Sci-Fi",7.7,64082,368234.0,1997
"Comedy, Drama, Fantasy",7.7,312542,22858926.0,1999
"Comedy, Drama, Romance",7.7,275755,148478011.0,1997
"Action, Adventure, Sci-Fi",7.7,434125,63540020.0,1997
Comedy,7.7,37424,4065116.0,1998
"Biography, Crime, Drama",7.7,279318,41909762.0,1997
"Biography, Drama, Music",7.7,51350,35811509.0,1996
"Crime, Drama, Mystery",7.7,189716,56116183.0,1996
Drama,7.7,35991,4414535.0,1996
"Drama, Family, Fantasy",7.7,32236,10019307.0,1995
"Comedy, Crime, Drama",7.7,26429,23530892.0,1995
"Biography, Comedy, Drama",7.7,33600,21848932.0,1994
Comedy,7.7,211450,3151130.0,1994
"Comedy, Drama",7.7,42275,6110979.0,1993
Drama,7.7,224169,77324422.0,1993
"Comedy, Drama, Family",7.7,50298,27281507.0,1992
"Biography, Drama, History",7.7,85819,48169908.0,1992
"Action, Adventure, Drama",7.7,150409,75505856.0,1992
"Animation, Adventure, Comedy",7.7,77798,23530892.0,1992
"Crime, Drama, Mystery",7.7,95826,10725228.0,1992
"Drama, Thriller",7.7,235388,141340178.0,1992
Drama,7.7,66941,82418501.0,1991
"Comedy, Drama, Thriller",7.7,113240,6153939.0,1991
"Crime, Drama, Thriller",7.7,125822,5080409.0,1990
"Animation, Adventure, Comedy",7.7,182009,156452370.0,1988
"Mystery, Thriller",7.7,33982,23530892.0,1988
"Comedy, Drama",7.7,40396,1544889.0,1987
"Biography, Drama, History",7.7,94326,43984230.0,1987
"Action, Drama, History",7.7,115677,22238696.0,1987
"Crime, Drama, Mystery",7.7,102031,7153487.0,1986
"Drama, Mystery, Thriller",7.7,181285,8551228.0,1986
"Comedy, Fantasy, Romance",7.7,47102,10631333.0,1985
"Comedy, Crime, Drama",7.7,59635,10600000.0,1985
Comedy,7.7,39881,11798616.0,1983
Drama,7.7,36096,54000000.0,1982
"Action, Adventure, Sci-Fi",7.7,112704,78912963.0,1982
"Action, Adventure",7.7,226541,47212904.0,1982
Drama,7.7,47099,54800000.0,1980
Comedy,7.7,214882,83400000.0,1980
"Animation, Adventure, Family",7.7,27014,23530892.0,1979
"Horror, Thriller",7.7,233106,47000000.0,1978
"Drama, Thriller",7.7,39889,1924733.0,1976
"Comedy, War",7.7,36037,23530892.0,1975
"Action, Crime, Thriller",7.7,26729,23530892.0,1974
"Comedy, Western",7.7,125993,119500000.0,1974
"Biography, Crime, Drama",7.7,109941,29800000.0,1973
"Action, Crime, Drama",7.7,96561,25000000.0,1973
"Adventure, Drama, Thriller",7.7,98740,7056013.0,1972
"Action, Crime, Drama",7.7,110075,15630710.0,1971
"Action, Crime, Thriller",7.7,143292,35900000.0,1971
"Action, Adventure, War",7.7,51913,23530892.0,1968
Comedy,7.7,31572,44527234.0,1968
"Action, Adventure, War",7.7,67183,45300000.0,1967
"Drama, Romance",7.7,40274,26331.0,1967
"Biography, Drama, History",7.7,31222,28350000.0,1966
"Drama, Horror, Thriller",7.7,48883,23530892.0,1965
"Drama, History, War",7.7,35999,23530892.0,1964
"Action, Adventure, Thriller",7.7,174119,51081062.0,1964
"Drama, Horror, Mystery",7.7,171739,11403529.0,1963
"Drama, Thriller",7.7,26457,23530892.0,1962
"Drama, Horror, Thriller",7.7,31354,83957.0,1960
"Action, Adventure, Western",7.7,87719,4905000.0,1960
"Drama, Horror",7.7,27620,52709.0,1960
"Drama, Horror, Sci-Fi",7.7,44839,23530892.0,1956
Drama,7.7,83363,23530892.0,1955
"Comedy, Crime",7.7,26464,23530892.0,1955
"Comedy, Drama, Romance",7.7,59415,23530892.0,1954
"Comedy, Drama, Romance",7.7,34677,10550000.0,1952
"Drama, Sci-Fi",7.7,76315,23530892.0,1951
"Adventure, Drama, Romance",7.7,71481,536118.0,1951
"Drama, Film-Noir, Romance",7.7,27991,23530892.0,1946
"Animation, Family, Fantasy",7.7,88662,76408097.0,1940
"Horror, Sci-Fi",7.7,30683,23530892.0,1933
"Biography, Drama, History",7.6,60408,23530892.0,2019
"Drama, Mystery, Thriller",7.6,140840,26020957.0,2018
"Comedy, Drama",7.6,551309,142502728.0,2019
Drama,7.6,29765,566356.0,2017
Drama,7.6,95181,5904366.0,2017
"Biography, Crime, Drama",7.6,46739,23530892.0,2019
Drama,7.6,99643,24801212.0,2017
"Adventure, Comedy, Drama",7.6,66346,13122642.0,2019
"Crime, Drama, Romance",7.6,52903,23530892.0,2015
Drama,7.6,35785,845464.0,2015
"Action, Adventure, Comedy",7.6,569974,389813101.0,2017
"Action, Crime, Drama",7.6,439406,107825862.0,2017
"Action, Biography, Drama",7.6,58371,18340051.0,2017
"Drama, History, Thriller",7.6,287659,72313754.0,2015
"Animation, Action, Adventure",7.6,250057,608581744.0,2018
"Animation, Adventure, Comedy",7.6,272784,248757044.0,2016
"Action, Crime, Drama",7.6,371291,46889293.0,2015
"Drama, Sport",7.6,247666,109767581.0,2015
"Crime, Drama",7.6,49397,1092800.0,2014
"Action, Crime, Drama",7.6,204175,26862450.0,2016
"Biography, Comedy, Drama",7.6,94212,37707719.0,2013
"Action, Adventure, Drama",7.6,411599,208545589.0,2014
"Mystery, Thriller",7.6,57549,23530892.0,2012
"Action, Thriller",7.6,190531,4105123.0,2011
"Action, Crime, Drama",7.6,228132,41003371.0,2012
"Animation, Adventure, Family",7.6,80939,19202743.0,2010
"Drama, Music, Romance",7.6,334312,215288866.0,2018
"Drama, Western",7.6,311822,171243005.0,2010
"Drama, Romance",7.6,38491,1008098.0,2010
"Animation, Comedy, Crime",7.6,500851,251513985.0,2010
"Comedy, Drama, Romance",7.6,315426,35014192.0,2011
"Action, Comedy, Crime",7.6,524081,48071303.0,2010
"Action, Adventure, Crime",7.6,63882,23530892.0,2009
"Biography, Drama, Sport",7.6,369529,75605492.0,2011
"Drama, Horror, Thriller",7.6,138959,3185812.0,2011
"Adventure, Comedy, Fantasy",7.6,520041,75590286.0,2009
"Drama, Thriller",7.6,102742,23530892.0,2008
"Action, Adventure, Mystery",7.6,583158,209028679.0,2009
"Biography, Drama, Sport",7.6,293266,255959475.0,2009
Drama,7.6,41544,9422422.0,2007
Drama,7.6,286770,69951824.0,2008
"Action, Crime, Drama",7.6,227760,17114882.0,2007
"Adventure, Family, Fantasy",7.6,255036,38634938.0,2007
"Animation, Adventure, Family",7.6,31779,686383.0,2009
"Crime, Drama, Mystery",7.6,339757,88513495.0,2006
"Crime, Drama, Mystery",7.6,250590,20300218.0,2007
"Biography, Drama, Music",7.6,82781,10301706.0,2007
"Action, Biography, Drama",7.6,72863,24633730.0,2006
"Drama, Fantasy, Mystery",7.6,354728,39868642.0,2006
"Crime, Drama, Thriller",7.6,49728,6013.0,2004
"Action, Adventure, Family",7.6,474827,301959197.0,2009
"Action, Drama",7.6,732876,210614939.0,2006
"Drama, Romance, Thriller",7.6,206294,23089926.0,2005
"Action, Drama, Mystery",7.6,500799,107509799.0,2009
"Action, Crime, Drama",7.6,294140,24149632.0,2005
"Horror, Mystery, Thriller",7.6,379020,56000369.0,2004
Drama,7.6,83158,3081925.0,2008
Drama,7.6,65939,697181.0,2004
"Comedy, Drama, Romance",7.6,67360,548707.0,2003
"Drama, Mystery, Romance",7.6,70925,6167817.0,2004
"Comedy, Drama",7.6,67370,5739376.0,2003
"Crime, Drama, Thriller",7.6,224545,16290476.0,2003
"Crime, Drama, Thriller",7.6,62659,45289.0,2002
"Biography, Drama, Family",7.6,198677,51680613.0,2004
Drama,7.6,169708,13060843.0,2002
"Drama, Sci-Fi, Thriller",7.6,451479,57938693.0,2004
"Drama, Horror, Sci-Fi",7.6,376853,45064915.0,2002
"Action, Adventure, Drama",7.6,169091,23530892.0,2000
"Comedy, Drama",7.6,266842,52364010.0,2001
Drama,7.6,115827,13622333.0,2001
"Adventure, Family, Fantasy",7.6,658185,317575550.0,2001
"Horror, Mystery, Thriller",7.6,337651,96522687.0,2001
"Biography, Crime, Drama",7.6,240714,52990775.0,2001
"Drama, History, War",7.6,243729,51401758.0,2001
"Action, Crime, Mystery",7.6,508417,132072926.0,2002
"Biography, Drama, Sport",7.6,91557,50668906.0,1999
"Comedy, Crime, Drama",7.6,490062,15070285.0,2000
"Crime, Drama, Thriller",7.6,188317,7267585.0,1998
"Drama, War",7.6,172710,36400491.0,1998
"Animation, Adventure, Family",7.6,256906,120620254.0,1998
"Adventure, Comedy, Drama",7.6,259753,10680275.0,1998
"Crime, Drama, Thriller",7.6,65058,23530892.0,1997
"Mystery, Sci-Fi, Thriller",7.6,187927,14378331.0,1998
"Crime, Drama, Thriller",7.6,186734,49100000.0,1996
"Mystery, Thriller",7.6,131101,3796699.0,1997
"Drama, Romance",7.6,102598,43182776.0,1995
"Action, Adventure, Thriller",7.6,364420,100012499.0,1995
"Adventure, Drama, Fantasy",7.6,90442,1037847.0,1995
"Drama, Romance",7.6,73172,71516617.0,1995
"Adventure, Drama, History",7.6,269197,173837933.0,PG
"Comedy, Drama, Romance",7.6,64390,1464625.0,1994
"Action, Crime, Drama",7.6,171640,40903593.0,1993
Comedy,7.6,165465,7993039.0,1993
"Comedy, Crime",7.6,107325,52929168.0,1992
"Animation, Drama, Romance",7.6,27071,453243.0,1991
"Comedy, Crime",7.6,80487,1794187.0,1991
"Comedy, Family",7.6,488817,285761243.0,1990
"Crime, Drama",7.6,359809,66666062.0,1990
"Comedy, Drama, Romance",7.6,195663,92823600.0,1989
"Animation, Family, Fantasy",7.6,237696,111543479.0,1989
"Comedy, Crime",7.6,152871,78756177.0,1988
"Comedy, Drama",7.6,124773,49530280.0,1987
"Action, Crime, Thriller",7.6,236894,65207127.0,1987
"Crime, Drama, Thriller",7.6,87745,2150000.0,1984
Drama,7.6,27650,119285432.0,1981
"Action, Adventure, Sci-Fi",7.6,166588,12465371.0,1981
"Action, Crime, Thriller",7.6,93878,22490039.0,1979
"Adventure, Comedy, Family",7.6,32802,76657000.0,1979
"Action, Biography, Crime",7.6,121731,43000000.0,1979
"Animation, Adventure, Drama",7.6,33656,23530892.0,1978
"Biography, Crime, Drama",7.6,73662,35000000.0,1978
"Drama, Sci-Fi",7.6,184966,132088635.0,1977
"Comedy, Crime, Drama",7.6,26337,959000.0,1973
"Drama, War, Western",7.6,30144,696690.0,1971
"Adventure, Comedy, War",7.6,45338,1378435.0,1970
"Animation, Adventure, Family",7.6,166409,141843612.0,1967
"Drama, Mystery, Thriller",7.6,56513,23530892.0,1966
"Comedy, Music, Musical",7.6,40351,13780024.0,1964
"Comedy, Drama, Romance",7.6,166544,23530892.0,1961
"Drama, Western",7.6,34075,23530892.0,1956
"Drama, Romance, War",7.6,43374,30500000.0,1953
"Drama, War",7.6,26471,23530892.0,1944
"Crime, Mystery, Thriller",7.6,51853,23530892.0,1935
